PRAGMA foreign_keys=OFF;
BEGIN TRANSACTION;
CREATE TABLE IF NOT EXISTS "django_migrations" ("id" integer NOT NULL PRIMARY KEY AUTOINCREMENT, "app" varchar(255) NOT NULL, "name" varchar(255) NOT NULL, "applied" datetime NOT NULL);
INSERT INTO django_migrations VALUES(1,'contenttypes','0001_initial','2025-03-03 06:36:33.862337');
INSERT INTO django_migrations VALUES(2,'auth','0001_initial','2025-03-03 06:36:34.066143');
INSERT INTO django_migrations VALUES(3,'admin','0001_initial','2025-03-03 06:36:34.256521');
INSERT INTO django_migrations VALUES(4,'admin','0002_logentry_remove_auto_add','2025-03-03 06:36:34.388858');
INSERT INTO django_migrations VALUES(5,'admin','0003_logentry_add_action_flag_choices','2025-03-03 06:36:34.578313');
INSERT INTO django_migrations VALUES(6,'contenttypes','0002_remove_content_type_name','2025-03-03 06:36:34.679227');
INSERT INTO django_migrations VALUES(7,'auth','0002_alter_permission_name_max_length','2025-03-03 06:36:34.748223');
INSERT INTO django_migrations VALUES(8,'auth','0003_alter_user_email_max_length','2025-03-03 06:36:34.827284');
INSERT INTO django_migrations VALUES(9,'auth','0004_alter_user_username_opts','2025-03-03 06:36:34.927657');
INSERT INTO django_migrations VALUES(10,'auth','0005_alter_user_last_login_null','2025-03-03 06:36:35.018638');
INSERT INTO django_migrations VALUES(11,'auth','0006_require_contenttypes_0002','2025-03-03 06:36:35.081116');
INSERT INTO django_migrations VALUES(12,'auth','0007_alter_validators_add_error_messages','2025-03-03 06:36:35.158093');
INSERT INTO django_migrations VALUES(13,'auth','0008_alter_user_username_max_length','2025-03-03 06:36:35.240174');
INSERT INTO django_migrations VALUES(14,'auth','0009_alter_user_last_name_max_length','2025-03-03 06:36:35.465339');
INSERT INTO django_migrations VALUES(15,'auth','0010_alter_group_name_max_length','2025-03-03 06:36:35.544995');
INSERT INTO django_migrations VALUES(16,'auth','0011_update_proxy_permissions','2025-03-03 06:36:35.655075');
INSERT INTO django_migrations VALUES(17,'auth','0012_alter_user_first_name_max_length','2025-03-03 06:36:35.769842');
INSERT INTO django_migrations VALUES(18,'customer','0001_initial','2025-03-03 06:36:35.857364');
INSERT INTO django_migrations VALUES(19,'owner','0001_initial','2025-03-03 06:36:35.913134');
INSERT INTO django_migrations VALUES(20,'sessions','0001_initial','2025-03-03 06:36:36.079124');
INSERT INTO django_migrations VALUES(21,'owner','0002_alter_dishes_dish_sluger','2025-03-03 08:35:11.263921');
INSERT INTO django_migrations VALUES(22,'owner','0003_alter_dishes_managers','2025-03-03 08:44:13.519281');
INSERT INTO django_migrations VALUES(23,'owner','0004_alter_dishes_managers','2025-03-03 09:53:09.568642');
INSERT INTO django_migrations VALUES(24,'owner','0005_alter_dishes_dish_sluger','2025-03-03 11:17:57.868056');
INSERT INTO django_migrations VALUES(25,'owner','0006_alter_dishes_dish_sluger','2025-03-03 11:19:01.880099');
INSERT INTO django_migrations VALUES(26,'owner','0007_alter_dishes_dish_sluger','2025-03-04 06:40:21.790125');
INSERT INTO django_migrations VALUES(27,'owner','0008_dishes_dish_quantity','2025-03-04 12:06:44.039417');
INSERT INTO django_migrations VALUES(28,'owner','0009_dishes_dish_veg','2025-03-05 05:58:17.109379');
INSERT INTO django_migrations VALUES(29,'owner','0010_orders','2025-03-10 10:36:23.213460');
INSERT INTO django_migrations VALUES(30,'owner','0011_rename_crderdate_orders_corderdate_and_more','2025-03-10 11:17:23.347040');
INSERT INTO django_migrations VALUES(31,'owner','0012_orders_status','2025-03-11 16:48:10.273384');
CREATE TABLE IF NOT EXISTS "auth_group_permissions" ("id" integer NOT NULL PRIMARY KEY AUTOINCREMENT, "group_id" integer NOT NULL REFERENCES "auth_group" ("id") DEFERRABLE INITIALLY DEFERRED, "permission_id" integer NOT NULL REFERENCES "auth_permission" ("id") DEFERRABLE INITIALLY DEFERRED);
CREATE TABLE IF NOT EXISTS "auth_user_groups" ("id" integer NOT NULL PRIMARY KEY AUTOINCREMENT, "user_id" integer NOT NULL REFERENCES "auth_user" ("id") DEFERRABLE INITIALLY DEFERRED, "group_id" integer NOT NULL REFERENCES "auth_group" ("id") DEFERRABLE INITIALLY DEFERRED);
CREATE TABLE IF NOT EXISTS "auth_user_user_permissions" ("id" integer NOT NULL PRIMARY KEY AUTOINCREMENT, "user_id" integer NOT NULL REFERENCES "auth_user" ("id") DEFERRABLE INITIALLY DEFERRED, "permission_id" integer NOT NULL REFERENCES "auth_permission" ("id") DEFERRABLE INITIALLY DEFERRED);
INSERT INTO auth_user_user_permissions VALUES(1,9,32);
CREATE TABLE IF NOT EXISTS "django_admin_log" ("id" integer NOT NULL PRIMARY KEY AUTOINCREMENT, "object_id" text NULL, "object_repr" varchar(200) NOT NULL, "action_flag" smallint unsigned NOT NULL CHECK ("action_flag" >= 0), "change_message" text NOT NULL, "content_type_id" integer NULL REFERENCES "django_content_type" ("id") DEFERRABLE INITIALLY DEFERRED, "user_id" integer NOT NULL REFERENCES "auth_user" ("id") DEFERRABLE INITIALLY DEFERRED, "action_time" datetime NOT NULL);
INSERT INTO django_admin_log VALUES(1,'Yvonne Wang','Dishes object (Yvonne Wang)',3,'',8,1,'2025-03-03 11:07:16.357648');
INSERT INTO django_admin_log VALUES(2,'Willie Herrera','Dishes object (Willie Herrera)',3,'',8,1,'2025-03-03 11:07:16.357709');
INSERT INTO django_admin_log VALUES(3,'William Wise','Dishes object (William Wise)',3,'',8,1,'2025-03-03 11:07:16.357736');
INSERT INTO django_admin_log VALUES(4,'William Li','Dishes object (William Li)',3,'',8,1,'2025-03-03 11:07:16.357757');
INSERT INTO django_admin_log VALUES(5,'Victoria Norton','Dishes object (Victoria Norton)',3,'',8,1,'2025-03-03 11:07:16.357777');
INSERT INTO django_admin_log VALUES(6,'Victoria Lee','Dishes object (Victoria Lee)',3,'',8,1,'2025-03-03 11:07:16.357797');
INSERT INTO django_admin_log VALUES(7,'Travis Johnson','Dishes object (Travis Johnson)',3,'',8,1,'2025-03-03 11:07:16.357824');
INSERT INTO django_admin_log VALUES(8,'Tina Ruiz','Dishes object (Tina Ruiz)',3,'',8,1,'2025-03-03 11:07:16.357853');
INSERT INTO django_admin_log VALUES(9,'Timothy Nguyen','Dishes object (Timothy Nguyen)',3,'',8,1,'2025-03-03 11:07:16.357884');
INSERT INTO django_admin_log VALUES(10,'Thomas Davis','Dishes object (Thomas Davis)',3,'',8,1,'2025-03-03 11:07:16.357918');
INSERT INTO django_admin_log VALUES(11,'Terri Mitchell','Dishes object (Terri Mitchell)',3,'',8,1,'2025-03-03 11:07:16.357952');
INSERT INTO django_admin_log VALUES(12,'Terri James','Dishes object (Terri James)',3,'',8,1,'2025-03-03 11:07:16.357983');
INSERT INTO django_admin_log VALUES(13,'Terrence Gibson','Dishes object (Terrence Gibson)',3,'',8,1,'2025-03-03 11:07:16.358010');
INSERT INTO django_admin_log VALUES(14,'Susan Williams MD','Dishes object (Susan Williams MD)',3,'',8,1,'2025-03-03 11:07:16.358031');
INSERT INTO django_admin_log VALUES(15,'Susan Moore','Dishes object (Susan Moore)',3,'',8,1,'2025-03-03 11:07:16.358052');
INSERT INTO django_admin_log VALUES(16,'Steven Watkins','Dishes object (Steven Watkins)',3,'',8,1,'2025-03-03 11:07:16.358080');
INSERT INTO django_admin_log VALUES(17,'Steven Olsen','Dishes object (Steven Olsen)',3,'',8,1,'2025-03-03 11:07:16.358100');
INSERT INTO django_admin_log VALUES(18,'Stacy Marks','Dishes object (Stacy Marks)',3,'',8,1,'2025-03-03 11:07:16.358120');
INSERT INTO django_admin_log VALUES(19,'Stacey King','Dishes object (Stacey King)',3,'',8,1,'2025-03-03 11:07:16.358139');
INSERT INTO django_admin_log VALUES(20,'Sharon Lawrence','Dishes object (Sharon Lawrence)',3,'',8,1,'2025-03-03 11:07:16.358158');
INSERT INTO django_admin_log VALUES(21,'Shane Watson','Dishes object (Shane Watson)',3,'',8,1,'2025-03-03 11:07:16.358177');
INSERT INTO django_admin_log VALUES(22,'Scott Lewis','Dishes object (Scott Lewis)',3,'',8,1,'2025-03-03 11:07:16.358197');
INSERT INTO django_admin_log VALUES(23,'Savannah Carson','Dishes object (Savannah Carson)',3,'',8,1,'2025-03-03 11:07:16.358217');
INSERT INTO django_admin_log VALUES(24,'Sara Wu','Dishes object (Sara Wu)',3,'',8,1,'2025-03-03 11:07:16.358236');
INSERT INTO django_admin_log VALUES(25,'Ryan Smith','Dishes object (Ryan Smith)',3,'',8,1,'2025-03-03 11:07:16.358254');
INSERT INTO django_admin_log VALUES(26,'Ryan Collins','Dishes object (Ryan Collins)',3,'',8,1,'2025-03-03 11:07:16.358273');
INSERT INTO django_admin_log VALUES(27,'Rose Little','Dishes object (Rose Little)',3,'',8,1,'2025-03-03 11:07:16.358292');
INSERT INTO django_admin_log VALUES(28,'Robin Collins','Dishes object (Robin Collins)',3,'',8,1,'2025-03-03 11:07:16.358310');
INSERT INTO django_admin_log VALUES(29,'Roberta Gallagher','Dishes object (Roberta Gallagher)',3,'',8,1,'2025-03-03 11:07:16.358329');
INSERT INTO django_admin_log VALUES(30,'Robert Williams','Dishes object (Robert Williams)',3,'',8,1,'2025-03-03 11:07:16.358349');
INSERT INTO django_admin_log VALUES(31,'Robert Smith','Dishes object (Robert Smith)',3,'',8,1,'2025-03-03 11:07:16.358371');
INSERT INTO django_admin_log VALUES(32,'Robert Meyer','Dishes object (Robert Meyer)',3,'',8,1,'2025-03-03 11:07:16.358391');
INSERT INTO django_admin_log VALUES(33,'Robert Hill','Dishes object (Robert Hill)',3,'',8,1,'2025-03-03 11:07:16.358418');
INSERT INTO django_admin_log VALUES(34,'Richard Newman','Dishes object (Richard Newman)',3,'',8,1,'2025-03-03 11:07:16.358440');
INSERT INTO django_admin_log VALUES(35,'Richard Moore','Dishes object (Richard Moore)',3,'',8,1,'2025-03-03 11:07:16.358460');
INSERT INTO django_admin_log VALUES(36,'Ricardo Cuevas','Dishes object (Ricardo Cuevas)',3,'',8,1,'2025-03-03 11:07:16.358478');
INSERT INTO django_admin_log VALUES(37,'Rebecca Mendoza','Dishes object (Rebecca Mendoza)',3,'',8,1,'2025-03-03 11:07:16.358496');
INSERT INTO django_admin_log VALUES(38,'Rebecca Jensen','Dishes object (Rebecca Jensen)',3,'',8,1,'2025-03-03 11:07:16.358512');
INSERT INTO django_admin_log VALUES(39,'Randy Riddle','Dishes object (Randy Riddle)',3,'',8,1,'2025-03-03 11:07:16.358529');
INSERT INTO django_admin_log VALUES(40,'Rachel Burnett','Dishes object (Rachel Burnett)',3,'',8,1,'2025-03-03 11:07:16.358545');
INSERT INTO django_admin_log VALUES(41,'Pedro Lyons','Dishes object (Pedro Lyons)',3,'',8,1,'2025-03-03 11:07:16.358561');
INSERT INTO django_admin_log VALUES(42,'Paul Wagner','Dishes object (Paul Wagner)',3,'',8,1,'2025-03-03 11:07:16.358577');
INSERT INTO django_admin_log VALUES(43,'Paul Romero','Dishes object (Paul Romero)',3,'',8,1,'2025-03-03 11:07:16.358595');
INSERT INTO django_admin_log VALUES(44,'Paul Mckinney','Dishes object (Paul Mckinney)',3,'',8,1,'2025-03-03 11:07:16.358611');
INSERT INTO django_admin_log VALUES(45,'Pamela Mercer','Dishes object (Pamela Mercer)',3,'',8,1,'2025-03-03 11:07:16.358629');
INSERT INTO django_admin_log VALUES(46,'Nicole Jimenez','Dishes object (Nicole Jimenez)',3,'',8,1,'2025-03-03 11:07:16.358645');
INSERT INTO django_admin_log VALUES(47,'Molly Pitts','Dishes object (Molly Pitts)',3,'',8,1,'2025-03-03 11:07:16.358663');
INSERT INTO django_admin_log VALUES(48,'Miranda Lawrence','Dishes object (Miranda Lawrence)',3,'',8,1,'2025-03-03 11:07:16.358679');
INSERT INTO django_admin_log VALUES(49,'Michelle Cisneros','Dishes object (Michelle Cisneros)',3,'',8,1,'2025-03-03 11:07:16.358696');
INSERT INTO django_admin_log VALUES(50,'Michael Marshall','Dishes object (Michael Marshall)',3,'',8,1,'2025-03-03 11:07:16.358712');
INSERT INTO django_admin_log VALUES(51,'Michael Lewis','Dishes object (Michael Lewis)',3,'',8,1,'2025-03-03 11:07:16.358727');
INSERT INTO django_admin_log VALUES(52,'Melissa Knox','Dishes object (Melissa Knox)',3,'',8,1,'2025-03-03 11:07:16.358743');
INSERT INTO django_admin_log VALUES(53,'Melinda Brooks','Dishes object (Melinda Brooks)',3,'',8,1,'2025-03-03 11:07:16.358759');
INSERT INTO django_admin_log VALUES(54,'Melanie Ballard','Dishes object (Melanie Ballard)',3,'',8,1,'2025-03-03 11:07:16.358775');
INSERT INTO django_admin_log VALUES(55,'Meagan Rogers','Dishes object (Meagan Rogers)',3,'',8,1,'2025-03-03 11:07:16.358791');
INSERT INTO django_admin_log VALUES(56,'Matthew Logan','Dishes object (Matthew Logan)',3,'',8,1,'2025-03-03 11:07:16.358807');
INSERT INTO django_admin_log VALUES(57,'Matthew Jackson','Dishes object (Matthew Jackson)',3,'',8,1,'2025-03-03 11:07:16.358824');
INSERT INTO django_admin_log VALUES(58,'Mary Anderson','Dishes object (Mary Anderson)',3,'',8,1,'2025-03-03 11:07:16.358844');
INSERT INTO django_admin_log VALUES(59,'Mark Rodgers','Dishes object (Mark Rodgers)',3,'',8,1,'2025-03-03 11:07:16.358860');
INSERT INTO django_admin_log VALUES(60,'Mark Daniels','Dishes object (Mark Daniels)',3,'',8,1,'2025-03-03 11:07:16.358877');
INSERT INTO django_admin_log VALUES(61,'Lynn Mccarthy','Dishes object (Lynn Mccarthy)',3,'',8,1,'2025-03-03 11:07:16.358893');
INSERT INTO django_admin_log VALUES(62,'Lindsay Dunlap','Dishes object (Lindsay Dunlap)',3,'',8,1,'2025-03-03 11:07:16.358908');
INSERT INTO django_admin_log VALUES(63,'Linda Jones','Dishes object (Linda Jones)',3,'',8,1,'2025-03-03 11:07:16.358924');
INSERT INTO django_admin_log VALUES(64,'Leslie Rodriguez','Dishes object (Leslie Rodriguez)',3,'',8,1,'2025-03-03 11:07:16.358940');
INSERT INTO django_admin_log VALUES(65,'Lauren Wallace','Dishes object (Lauren Wallace)',3,'',8,1,'2025-03-03 11:07:16.359097');
INSERT INTO django_admin_log VALUES(66,'Laura Jones','Dishes object (Laura Jones)',3,'',8,1,'2025-03-03 11:07:16.359119');
INSERT INTO django_admin_log VALUES(67,'Laura Evans','Dishes object (Laura Evans)',3,'',8,1,'2025-03-03 11:07:16.359137');
INSERT INTO django_admin_log VALUES(68,'Larry Miller','Dishes object (Larry Miller)',3,'',8,1,'2025-03-03 11:07:16.359154');
INSERT INTO django_admin_log VALUES(69,'Kyle Sandoval','Dishes object (Kyle Sandoval)',3,'',8,1,'2025-03-03 11:07:16.359171');
INSERT INTO django_admin_log VALUES(70,'Kyle Johnson','Dishes object (Kyle Johnson)',3,'',8,1,'2025-03-03 11:07:16.359187');
INSERT INTO django_admin_log VALUES(71,'Kristine Huber','Dishes object (Kristine Huber)',3,'',8,1,'2025-03-03 11:07:16.359203');
INSERT INTO django_admin_log VALUES(72,'Kristin Baker','Dishes object (Kristin Baker)',3,'',8,1,'2025-03-03 11:07:16.359220');
INSERT INTO django_admin_log VALUES(73,'Kristen Hart','Dishes object (Kristen Hart)',3,'',8,1,'2025-03-03 11:07:16.359237');
INSERT INTO django_admin_log VALUES(74,'Kristen Baker','Dishes object (Kristen Baker)',3,'',8,1,'2025-03-03 11:07:16.359255');
INSERT INTO django_admin_log VALUES(75,'Kimberly Munoz','Dishes object (Kimberly Munoz)',3,'',8,1,'2025-03-03 11:07:16.359271');
INSERT INTO django_admin_log VALUES(76,'Kevin Hernandez','Dishes object (Kevin Hernandez)',3,'',8,1,'2025-03-03 11:07:16.359288');
INSERT INTO django_admin_log VALUES(77,'Kevin Glover','Dishes object (Kevin Glover)',3,'',8,1,'2025-03-03 11:07:16.359300');
INSERT INTO django_admin_log VALUES(78,'Kenneth Zuniga','Dishes object (Kenneth Zuniga)',3,'',8,1,'2025-03-03 11:07:16.359313');
INSERT INTO django_admin_log VALUES(79,'Kenneth Brown','Dishes object (Kenneth Brown)',3,'',8,1,'2025-03-03 11:07:16.359326');
INSERT INTO django_admin_log VALUES(80,'Kelly Johnson','Dishes object (Kelly Johnson)',3,'',8,1,'2025-03-03 11:07:16.359338');
INSERT INTO django_admin_log VALUES(81,'Kelly Cole','Dishes object (Kelly Cole)',3,'',8,1,'2025-03-03 11:07:16.359350');
INSERT INTO django_admin_log VALUES(82,'Kathryn Murphy','Dishes object (Kathryn Murphy)',3,'',8,1,'2025-03-03 11:07:16.359364');
INSERT INTO django_admin_log VALUES(83,'Karen Hunter','Dishes object (Karen Hunter)',3,'',8,1,'2025-03-03 11:07:16.359376');
INSERT INTO django_admin_log VALUES(84,'Kaitlyn Rivera','Dishes object (Kaitlyn Rivera)',3,'',8,1,'2025-03-03 11:07:16.359389');
INSERT INTO django_admin_log VALUES(85,'Kaitlyn Potter','Dishes object (Kaitlyn Potter)',3,'',8,1,'2025-03-03 11:07:16.359401');
INSERT INTO django_admin_log VALUES(86,'Justin Harris','Dishes object (Justin Harris)',3,'',8,1,'2025-03-03 11:07:16.359418');
INSERT INTO django_admin_log VALUES(87,'Justin Abbott','Dishes object (Justin Abbott)',3,'',8,1,'2025-03-03 11:07:16.359431');
INSERT INTO django_admin_log VALUES(88,'Julie Bowman','Dishes object (Julie Bowman)',3,'',8,1,'2025-03-03 11:07:16.359443');
INSERT INTO django_admin_log VALUES(89,'Julie Aguilar','Dishes object (Julie Aguilar)',3,'',8,1,'2025-03-03 11:07:16.359456');
INSERT INTO django_admin_log VALUES(90,'Joyce Smith','Dishes object (Joyce Smith)',3,'',8,1,'2025-03-03 11:07:16.359468');
INSERT INTO django_admin_log VALUES(91,'Joshua Pope','Dishes object (Joshua Pope)',3,'',8,1,'2025-03-03 11:07:16.359480');
INSERT INTO django_admin_log VALUES(92,'Joseph Young','Dishes object (Joseph Young)',3,'',8,1,'2025-03-03 11:07:16.359493');
INSERT INTO django_admin_log VALUES(93,'Joseph Thompson','Dishes object (Joseph Thompson)',3,'',8,1,'2025-03-03 11:07:16.359507');
INSERT INTO django_admin_log VALUES(94,'Jose Alvarez','Dishes object (Jose Alvarez)',3,'',8,1,'2025-03-03 11:07:16.359520');
INSERT INTO django_admin_log VALUES(95,'Jonathan Smith','Dishes object (Jonathan Smith)',3,'',8,1,'2025-03-03 11:07:16.359532');
INSERT INTO django_admin_log VALUES(96,'Jonathan Grant','Dishes object (Jonathan Grant)',3,'',8,1,'2025-03-03 11:07:16.359545');
INSERT INTO django_admin_log VALUES(97,'John Nixon','Dishes object (John Nixon)',3,'',8,1,'2025-03-03 11:07:16.359557');
INSERT INTO django_admin_log VALUES(98,'John Fernandez','Dishes object (John Fernandez)',3,'',8,1,'2025-03-03 11:07:16.359570');
INSERT INTO django_admin_log VALUES(99,'Jessica Williams','Dishes object (Jessica Williams)',3,'',8,1,'2025-03-03 11:07:16.359582');
INSERT INTO django_admin_log VALUES(100,'Jessica Sanchez','Dishes object (Jessica Sanchez)',3,'',8,1,'2025-03-03 11:07:16.359595');
INSERT INTO django_admin_log VALUES(101,'Jessica Morris','Dishes object (Jessica Morris)',3,'',8,1,'2025-03-03 11:07:16.359607');
INSERT INTO django_admin_log VALUES(102,'Jesse Johnson','Dishes object (Jesse Johnson)',3,'',8,1,'2025-03-03 11:07:16.359619');
INSERT INTO django_admin_log VALUES(103,'Jeremy Edwards','Dishes object (Jeremy Edwards)',3,'',8,1,'2025-03-03 11:07:16.359632');
INSERT INTO django_admin_log VALUES(104,'Jennifer Robertson','Dishes object (Jennifer Robertson)',3,'',8,1,'2025-03-03 11:07:16.359644');
INSERT INTO django_admin_log VALUES(105,'Jennifer Fernandez','Dishes object (Jennifer Fernandez)',3,'',8,1,'2025-03-03 11:07:16.359658');
INSERT INTO django_admin_log VALUES(106,'Jennifer Baker','Dishes object (Jennifer Baker)',3,'',8,1,'2025-03-03 11:07:16.359670');
INSERT INTO django_admin_log VALUES(107,'Jeffrey Johnson','Dishes object (Jeffrey Johnson)',3,'',8,1,'2025-03-03 11:07:16.359683');
INSERT INTO django_admin_log VALUES(108,'Javier Lee','Dishes object (Javier Lee)',3,'',8,1,'2025-03-03 11:07:16.359695');
INSERT INTO django_admin_log VALUES(109,'Jason Grant','Dishes object (Jason Grant)',3,'',8,1,'2025-03-03 11:07:16.359710');
INSERT INTO django_admin_log VALUES(110,'James Williams','Dishes object (James Williams)',3,'',8,1,'2025-03-03 11:07:16.359726');
INSERT INTO django_admin_log VALUES(111,'James Guerrero PhD','Dishes object (James Guerrero PhD)',3,'',8,1,'2025-03-03 11:07:16.359738');
INSERT INTO django_admin_log VALUES(112,'James Gregory','Dishes object (James Gregory)',3,'',8,1,'2025-03-03 11:07:16.359751');
INSERT INTO django_admin_log VALUES(113,'Jaime Ortiz','Dishes object (Jaime Ortiz)',3,'',8,1,'2025-03-03 11:07:16.359763');
INSERT INTO django_admin_log VALUES(114,'Jacob Burnett','Dishes object (Jacob Burnett)',3,'',8,1,'2025-03-03 11:07:16.359776');
INSERT INTO django_admin_log VALUES(115,'Jacob Baxter','Dishes object (Jacob Baxter)',3,'',8,1,'2025-03-03 11:07:16.359788');
INSERT INTO django_admin_log VALUES(116,'Ian Mcgee','Dishes object (Ian Mcgee)',3,'',8,1,'2025-03-03 11:07:16.359801');
INSERT INTO django_admin_log VALUES(117,'Hannah Lewis','Dishes object (Hannah Lewis)',3,'',8,1,'2025-03-03 11:07:16.359813');
INSERT INTO django_admin_log VALUES(118,'Gregory Moore','Dishes object (Gregory Moore)',3,'',8,1,'2025-03-03 11:07:16.359826');
INSERT INTO django_admin_log VALUES(119,'Gregory Massey','Dishes object (Gregory Massey)',3,'',8,1,'2025-03-03 11:07:16.359838');
INSERT INTO django_admin_log VALUES(120,'Grant Jones','Dishes object (Grant Jones)',3,'',8,1,'2025-03-03 11:07:16.359850');
INSERT INTO django_admin_log VALUES(121,'Gordon Coleman','Dishes object (Gordon Coleman)',3,'',8,1,'2025-03-03 11:07:16.359863');
INSERT INTO django_admin_log VALUES(122,'Gloria Johnston','Dishes object (Gloria Johnston)',3,'',8,1,'2025-03-03 11:07:16.359876');
INSERT INTO django_admin_log VALUES(123,'Frank Diaz','Dishes object (Frank Diaz)',3,'',8,1,'2025-03-03 11:07:16.359888');
INSERT INTO django_admin_log VALUES(124,'Evelyn Chavez DVM','Dishes object (Evelyn Chavez DVM)',3,'',8,1,'2025-03-03 11:07:16.359900');
INSERT INTO django_admin_log VALUES(125,'Evan Jones','Dishes object (Evan Jones)',3,'',8,1,'2025-03-03 11:07:16.359915');
INSERT INTO django_admin_log VALUES(126,'Erik West','Dishes object (Erik West)',3,'',8,1,'2025-03-03 11:07:16.359929');
INSERT INTO django_admin_log VALUES(127,'Eric Martin','Dishes object (Eric Martin)',3,'',8,1,'2025-03-03 11:07:16.359943');
INSERT INTO django_admin_log VALUES(128,'Emily Steele','Dishes object (Emily Steele)',3,'',8,1,'2025-03-03 11:07:16.359957');
INSERT INTO django_admin_log VALUES(129,'Elizabeth Harrell','Dishes object (Elizabeth Harrell)',3,'',8,1,'2025-03-03 11:07:16.359972');
INSERT INTO django_admin_log VALUES(130,'Elizabeth Copeland','Dishes object (Elizabeth Copeland)',3,'',8,1,'2025-03-03 11:07:16.359987');
INSERT INTO django_admin_log VALUES(131,'Eileen Serrano','Dishes object (Eileen Serrano)',3,'',8,1,'2025-03-03 11:07:16.360001');
INSERT INTO django_admin_log VALUES(132,'Edgar Williams','Dishes object (Edgar Williams)',3,'',8,1,'2025-03-03 11:07:16.360015');
INSERT INTO django_admin_log VALUES(133,'Dustin Richards','Dishes object (Dustin Richards)',3,'',8,1,'2025-03-03 11:07:16.360029');
INSERT INTO django_admin_log VALUES(134,'Dr. Keith Moss','Dishes object (Dr. Keith Moss)',3,'',8,1,'2025-03-03 11:07:16.360043');
INSERT INTO django_admin_log VALUES(135,'Douglas Gonzalez','Dishes object (Douglas Gonzalez)',3,'',8,1,'2025-03-03 11:07:16.360057');
INSERT INTO django_admin_log VALUES(136,'Desiree Case','Dishes object (Desiree Case)',3,'',8,1,'2025-03-03 11:07:16.360071');
INSERT INTO django_admin_log VALUES(137,'Derek Weaver','Dishes object (Derek Weaver)',3,'',8,1,'2025-03-03 11:07:16.360087');
INSERT INTO django_admin_log VALUES(138,'Denise Johnson','Dishes object (Denise Johnson)',3,'',8,1,'2025-03-03 11:07:16.360102');
INSERT INTO django_admin_log VALUES(139,'David Salas','Dishes object (David Salas)',3,'',8,1,'2025-03-03 11:07:16.360120');
INSERT INTO django_admin_log VALUES(140,'David Cooper','Dishes object (David Cooper)',3,'',8,1,'2025-03-03 11:07:16.360134');
INSERT INTO django_admin_log VALUES(141,'David Boyd','Dishes object (David Boyd)',3,'',8,1,'2025-03-03 11:07:16.360149');
INSERT INTO django_admin_log VALUES(142,'David Arnold','Dishes object (David Arnold)',3,'',8,1,'2025-03-03 11:07:16.360162');
INSERT INTO django_admin_log VALUES(143,'Danielle Thomas','Dishes object (Danielle Thomas)',3,'',8,1,'2025-03-03 11:07:16.360177');
INSERT INTO django_admin_log VALUES(144,'Daniel Potter','Dishes object (Daniel Potter)',3,'',8,1,'2025-03-03 11:07:16.360191');
INSERT INTO django_admin_log VALUES(145,'Dakota Dunn','Dishes object (Dakota Dunn)',3,'',8,1,'2025-03-03 11:07:16.360205');
INSERT INTO django_admin_log VALUES(146,'Courtney Byrd','Dishes object (Courtney Byrd)',3,'',8,1,'2025-03-03 11:07:16.360219');
INSERT INTO django_admin_log VALUES(147,'Courtney Baldwin','Dishes object (Courtney Baldwin)',3,'',8,1,'2025-03-03 11:07:16.360233');
INSERT INTO django_admin_log VALUES(148,'Colleen Johnson','Dishes object (Colleen Johnson)',3,'',8,1,'2025-03-03 11:07:16.360247');
INSERT INTO django_admin_log VALUES(149,'Cody Acosta','Dishes object (Cody Acosta)',3,'',8,1,'2025-03-03 11:07:16.360261');
INSERT INTO django_admin_log VALUES(150,'Christopher Harding','Dishes object (Christopher Harding)',3,'',8,1,'2025-03-03 11:07:16.360275');
INSERT INTO django_admin_log VALUES(151,'Chris Hoffman','Dishes object (Chris Hoffman)',3,'',8,1,'2025-03-03 11:07:16.360290');
INSERT INTO django_admin_log VALUES(152,'Cheyenne Ramirez','Dishes object (Cheyenne Ramirez)',3,'',8,1,'2025-03-03 11:07:16.360306');
INSERT INTO django_admin_log VALUES(153,'Cheryl Morris','Dishes object (Cheryl Morris)',3,'',8,1,'2025-03-03 11:07:16.360320');
INSERT INTO django_admin_log VALUES(154,'Chelsea Saunders','Dishes object (Chelsea Saunders)',3,'',8,1,'2025-03-03 11:07:16.360334');
INSERT INTO django_admin_log VALUES(155,'Charlotte Lane','Dishes object (Charlotte Lane)',3,'',8,1,'2025-03-03 11:07:16.360348');
INSERT INTO django_admin_log VALUES(156,'Charles King MD','Dishes object (Charles King MD)',3,'',8,1,'2025-03-03 11:07:16.360362');
INSERT INTO django_admin_log VALUES(157,'Cathy Love','Dishes object (Cathy Love)',3,'',8,1,'2025-03-03 11:07:16.360376');
INSERT INTO django_admin_log VALUES(158,'Catherine Obrien','Dishes object (Catherine Obrien)',3,'',8,1,'2025-03-03 11:07:16.360391');
INSERT INTO django_admin_log VALUES(159,'Casey Tucker','Dishes object (Casey Tucker)',3,'',8,1,'2025-03-03 11:07:16.360408');
INSERT INTO django_admin_log VALUES(160,'Carly Gonzalez','Dishes object (Carly Gonzalez)',3,'',8,1,'2025-03-03 11:07:16.360422');
INSERT INTO django_admin_log VALUES(161,'Candace Wright','Dishes object (Candace Wright)',3,'',8,1,'2025-03-03 11:07:16.360439');
INSERT INTO django_admin_log VALUES(162,'Caitlyn Clark','Dishes object (Caitlyn Clark)',3,'',8,1,'2025-03-03 11:07:16.360453');
INSERT INTO django_admin_log VALUES(163,'Bryce Nguyen','Dishes object (Bryce Nguyen)',3,'',8,1,'2025-03-03 11:07:16.360466');
INSERT INTO django_admin_log VALUES(164,'Bryan Garcia','Dishes object (Bryan Garcia)',3,'',8,1,'2025-03-03 11:07:16.360480');
INSERT INTO django_admin_log VALUES(165,'Bruce Gilbert','Dishes object (Bruce Gilbert)',3,'',8,1,'2025-03-03 11:07:16.360500');
INSERT INTO django_admin_log VALUES(166,'Brittney Holmes','Dishes object (Brittney Holmes)',3,'',8,1,'2025-03-03 11:07:16.360512');
INSERT INTO django_admin_log VALUES(167,'Brittany Sullivan','Dishes object (Brittany Sullivan)',3,'',8,1,'2025-03-03 11:07:16.360527');
INSERT INTO django_admin_log VALUES(168,'Bridget Johnson','Dishes object (Bridget Johnson)',3,'',8,1,'2025-03-03 11:07:16.360539');
INSERT INTO django_admin_log VALUES(169,'Briana Moreno','Dishes object (Briana Moreno)',3,'',8,1,'2025-03-03 11:07:16.360551');
INSERT INTO django_admin_log VALUES(170,'Brian Mcgrath','Dishes object (Brian Mcgrath)',3,'',8,1,'2025-03-03 11:07:16.360563');
INSERT INTO django_admin_log VALUES(171,'Brian Hamilton','Dishes object (Brian Hamilton)',3,'',8,1,'2025-03-03 11:07:16.360575');
INSERT INTO django_admin_log VALUES(172,'Brett Price','Dishes object (Brett Price)',3,'',8,1,'2025-03-03 11:07:16.360587');
INSERT INTO django_admin_log VALUES(173,'Brent Gonzalez','Dishes object (Brent Gonzalez)',3,'',8,1,'2025-03-03 11:07:16.360599');
INSERT INTO django_admin_log VALUES(174,'Brandy Hood','Dishes object (Brandy Hood)',3,'',8,1,'2025-03-03 11:07:16.360613');
INSERT INTO django_admin_log VALUES(175,'Brandon Weiss','Dishes object (Brandon Weiss)',3,'',8,1,'2025-03-03 11:07:16.360625');
INSERT INTO django_admin_log VALUES(176,'Brad Parsons','Dishes object (Brad Parsons)',3,'',8,1,'2025-03-03 11:07:16.360637');
INSERT INTO django_admin_log VALUES(177,'Brad Lopez','Dishes object (Brad Lopez)',3,'',8,1,'2025-03-03 11:07:16.360649');
INSERT INTO django_admin_log VALUES(178,'Beverly Green','Dishes object (Beverly Green)',3,'',8,1,'2025-03-03 11:07:16.360660');
INSERT INTO django_admin_log VALUES(179,'Beverly Clark','Dishes object (Beverly Clark)',3,'',8,1,'2025-03-03 11:07:16.360673');
INSERT INTO django_admin_log VALUES(180,'Barbara Vasquez','Dishes object (Barbara Vasquez)',3,'',8,1,'2025-03-03 11:07:16.360685');
INSERT INTO django_admin_log VALUES(181,'Barbara Hernandez','Dishes object (Barbara Hernandez)',3,'',8,1,'2025-03-03 11:07:16.360696');
INSERT INTO django_admin_log VALUES(182,'Ashley Irwin','Dishes object (Ashley Irwin)',3,'',8,1,'2025-03-03 11:07:16.360710');
INSERT INTO django_admin_log VALUES(183,'Ashley Graves','Dishes object (Ashley Graves)',3,'',8,1,'2025-03-03 11:07:16.360722');
INSERT INTO django_admin_log VALUES(184,'Ashley Flores','Dishes object (Ashley Flores)',3,'',8,1,'2025-03-03 11:07:16.360733');
INSERT INTO django_admin_log VALUES(185,'Anthony Cortez','Dishes object (Anthony Cortez)',3,'',8,1,'2025-03-03 11:07:16.360745');
INSERT INTO django_admin_log VALUES(186,'Anthony Chaney','Dishes object (Anthony Chaney)',3,'',8,1,'2025-03-03 11:07:16.360757');
INSERT INTO django_admin_log VALUES(187,'Angela Rosales','Dishes object (Angela Rosales)',3,'',8,1,'2025-03-03 11:07:16.360769');
INSERT INTO django_admin_log VALUES(188,'Angela Murphy','Dishes object (Angela Murphy)',3,'',8,1,'2025-03-03 11:07:16.360781');
INSERT INTO django_admin_log VALUES(189,'Angela Mason','Dishes object (Angela Mason)',3,'',8,1,'2025-03-03 11:07:16.360793');
INSERT INTO django_admin_log VALUES(190,'Andres Banks','Dishes object (Andres Banks)',3,'',8,1,'2025-03-03 11:07:16.360805');
INSERT INTO django_admin_log VALUES(191,'Andrea Conley','Dishes object (Andrea Conley)',3,'',8,1,'2025-03-03 11:07:16.360818');
INSERT INTO django_admin_log VALUES(192,'Amy Huff','Dishes object (Amy Huff)',3,'',8,1,'2025-03-03 11:07:16.360830');
INSERT INTO django_admin_log VALUES(193,'Amy Fleming','Dishes object (Amy Fleming)',3,'',8,1,'2025-03-03 11:07:16.360842');
INSERT INTO django_admin_log VALUES(194,'Amy Cunningham','Dishes object (Amy Cunningham)',3,'',8,1,'2025-03-03 11:07:16.360854');
INSERT INTO django_admin_log VALUES(195,'Amanda Mccoy','Dishes object (Amanda Mccoy)',3,'',8,1,'2025-03-03 11:07:16.360868');
INSERT INTO django_admin_log VALUES(196,'Amanda Garcia','Dishes object (Amanda Garcia)',3,'',8,1,'2025-03-03 11:07:16.360879');
INSERT INTO django_admin_log VALUES(197,'Amanda Aguirre','Dishes object (Amanda Aguirre)',3,'',8,1,'2025-03-03 11:07:16.360891');
INSERT INTO django_admin_log VALUES(198,'Alexander Jones','Dishes object (Alexander Jones)',3,'',8,1,'2025-03-03 11:07:16.360905');
INSERT INTO django_admin_log VALUES(199,'Adriana Walker','Dishes object (Adriana Walker)',3,'',8,1,'2025-03-03 11:07:16.360917');
INSERT INTO django_admin_log VALUES(200,'Aaron Clark','Dishes object (Aaron Clark)',3,'',8,1,'2025-03-03 11:07:16.360929');
INSERT INTO django_admin_log VALUES(201,'Thomas Hernandez','Dishes object (Thomas Hernandez)',3,'',8,1,'2025-03-04 05:21:03.729149');
INSERT INTO django_admin_log VALUES(202,'Terry Woods','Dishes object (Terry Woods)',3,'',8,1,'2025-03-04 05:21:03.729184');
INSERT INTO django_admin_log VALUES(203,'Shawn Strickland PhD','Dishes object (Shawn Strickland PhD)',3,'',8,1,'2025-03-04 05:21:03.729197');
INSERT INTO django_admin_log VALUES(204,'Scott Carroll','Dishes object (Scott Carroll)',3,'',8,1,'2025-03-04 05:21:03.729207');
INSERT INTO django_admin_log VALUES(205,'Ryan Miller','Dishes object (Ryan Miller)',3,'',8,1,'2025-03-04 05:21:03.729217');
INSERT INTO django_admin_log VALUES(206,'Richard Hernandez','Dishes object (Richard Hernandez)',3,'',8,1,'2025-03-04 05:21:03.729226');
INSERT INTO django_admin_log VALUES(207,'Natalie Merritt','Dishes object (Natalie Merritt)',3,'',8,1,'2025-03-04 05:21:03.729235');
INSERT INTO django_admin_log VALUES(208,'Mrs. Raven Benitez','Dishes object (Mrs. Raven Benitez)',3,'',8,1,'2025-03-04 05:21:03.729244');
INSERT INTO django_admin_log VALUES(209,'Miguel Vasquez DDS','Dishes object (Miguel Vasquez DDS)',3,'',8,1,'2025-03-04 05:21:03.729253');
INSERT INTO django_admin_log VALUES(210,'Michele Hobbs','Dishes object (Michele Hobbs)',3,'',8,1,'2025-03-04 05:21:03.729262');
INSERT INTO django_admin_log VALUES(211,'Megan Liu','Dishes object (Megan Liu)',3,'',8,1,'2025-03-04 05:21:12.701567');
INSERT INTO django_admin_log VALUES(212,'Martin White','Dishes object (Martin White)',3,'',8,1,'2025-03-04 05:21:12.701617');
INSERT INTO django_admin_log VALUES(213,'Mark Burns','Dishes object (Mark Burns)',3,'',8,1,'2025-03-04 05:21:12.701645');
INSERT INTO django_admin_log VALUES(214,'Marissa Green','Dishes object (Marissa Green)',3,'',8,1,'2025-03-04 05:21:12.701667');
INSERT INTO django_admin_log VALUES(215,'Marcus Taylor','Dishes object (Marcus Taylor)',3,'',8,1,'2025-03-04 05:21:12.701688');
INSERT INTO django_admin_log VALUES(216,'Lori Williams','Dishes object (Lori Williams)',3,'',8,1,'2025-03-04 05:21:12.701710');
INSERT INTO django_admin_log VALUES(217,'Logan Smith','Dishes object (Logan Smith)',3,'',8,1,'2025-03-04 05:21:12.701731');
INSERT INTO django_admin_log VALUES(218,'Lindsay Lee','Dishes object (Lindsay Lee)',3,'',8,1,'2025-03-04 05:21:12.701752');
INSERT INTO django_admin_log VALUES(219,'Lindsay Kemp','Dishes object (Lindsay Kemp)',3,'',8,1,'2025-03-04 05:21:12.701773');
INSERT INTO django_admin_log VALUES(220,'Laura Blair','Dishes object (Laura Blair)',3,'',8,1,'2025-03-04 05:21:12.701795');
INSERT INTO django_admin_log VALUES(221,'Lance Garrison','Dishes object (Lance Garrison)',3,'',8,1,'2025-03-04 05:21:19.207128');
INSERT INTO django_admin_log VALUES(222,'Kyle Petersen','Dishes object (Kyle Petersen)',3,'',8,1,'2025-03-04 05:21:19.207158');
INSERT INTO django_admin_log VALUES(223,'Kyle Gibson','Dishes object (Kyle Gibson)',3,'',8,1,'2025-03-04 05:21:19.207168');
INSERT INTO django_admin_log VALUES(224,'Kristina Acevedo','Dishes object (Kristina Acevedo)',3,'',8,1,'2025-03-04 05:21:19.207176');
INSERT INTO django_admin_log VALUES(225,'Kim Burke','Dishes object (Kim Burke)',3,'',8,1,'2025-03-04 05:21:19.207185');
INSERT INTO django_admin_log VALUES(226,'Kevin Nielsen','Dishes object (Kevin Nielsen)',3,'',8,1,'2025-03-04 05:21:19.207194');
INSERT INTO django_admin_log VALUES(227,'Joseph Mullins','Dishes object (Joseph Mullins)',3,'',8,1,'2025-03-04 05:21:19.207203');
INSERT INTO django_admin_log VALUES(228,'Joseph Booth','Dishes object (Joseph Booth)',3,'',8,1,'2025-03-04 05:21:19.207211');
INSERT INTO django_admin_log VALUES(229,'John Shields','Dishes object (John Shields)',3,'',8,1,'2025-03-04 05:21:19.207219');
INSERT INTO django_admin_log VALUES(230,'Jesse Smith','Dishes object (Jesse Smith)',3,'',8,1,'2025-03-04 05:21:19.207228');
INSERT INTO django_admin_log VALUES(231,'Jeff Delgado','Dishes object (Jeff Delgado)',3,'',8,1,'2025-03-04 05:21:25.045165');
INSERT INTO django_admin_log VALUES(232,'Jason Reeves','Dishes object (Jason Reeves)',3,'',8,1,'2025-03-04 05:21:25.045190');
INSERT INTO django_admin_log VALUES(233,'Janet Edwards','Dishes object (Janet Edwards)',3,'',8,1,'2025-03-04 05:21:25.045200');
INSERT INTO django_admin_log VALUES(234,'Jacob Burke','Dishes object (Jacob Burke)',3,'',8,1,'2025-03-04 05:21:25.045210');
INSERT INTO django_admin_log VALUES(235,'Hector Wilson','Dishes object (Hector Wilson)',3,'',8,1,'2025-03-04 05:21:25.045218');
INSERT INTO django_admin_log VALUES(236,'Gregory Yoder','Dishes object (Gregory Yoder)',3,'',8,1,'2025-03-04 05:21:25.045226');
INSERT INTO django_admin_log VALUES(237,'Gail Kennedy','Dishes object (Gail Kennedy)',3,'',8,1,'2025-03-04 05:21:25.045234');
INSERT INTO django_admin_log VALUES(238,'Felicia Hutchinson','Dishes object (Felicia Hutchinson)',3,'',8,1,'2025-03-04 05:21:25.045243');
INSERT INTO django_admin_log VALUES(239,'Dr. Frank Brown','Dishes object (Dr. Frank Brown)',3,'',8,1,'2025-03-04 05:21:25.045251');
INSERT INTO django_admin_log VALUES(240,'Donna Gonzales','Dishes object (Donna Gonzales)',3,'',8,1,'2025-03-04 05:21:25.045259');
INSERT INTO django_admin_log VALUES(241,'Derrick Martinez','Dishes object (Derrick Martinez)',3,'',8,1,'2025-03-04 05:21:34.613975');
INSERT INTO django_admin_log VALUES(242,'Derek Cain','Dishes object (Derek Cain)',3,'',8,1,'2025-03-04 05:21:34.614000');
INSERT INTO django_admin_log VALUES(243,'David Obrien','Dishes object (David Obrien)',3,'',8,1,'2025-03-04 05:21:34.614011');
INSERT INTO django_admin_log VALUES(244,'David Miller','Dishes object (David Miller)',3,'',8,1,'2025-03-04 05:21:34.614021');
INSERT INTO django_admin_log VALUES(245,'David Hebert','Dishes object (David Hebert)',3,'',8,1,'2025-03-04 05:21:34.614030');
INSERT INTO django_admin_log VALUES(246,'Corey Long','Dishes object (Corey Long)',3,'',8,1,'2025-03-04 05:21:34.614039');
INSERT INTO django_admin_log VALUES(247,'Christopher Dunlap','Dishes object (Christopher Dunlap)',3,'',8,1,'2025-03-04 05:21:34.614047');
INSERT INTO django_admin_log VALUES(248,'Christina Taylor','Dishes object (Christina Taylor)',3,'',8,1,'2025-03-04 05:21:34.614055');
INSERT INTO django_admin_log VALUES(249,'Catherine Myers','Dishes object (Catherine Myers)',3,'',8,1,'2025-03-04 05:21:34.614064');
INSERT INTO django_admin_log VALUES(250,'Briana Phillips','Dishes object (Briana Phillips)',3,'',8,1,'2025-03-04 05:21:34.614072');
INSERT INTO django_admin_log VALUES(251,'tikka','Dishes object (tikka)',3,'',8,1,'2025-03-06 06:23:26.537892');
INSERT INTO django_admin_log VALUES(252,'noddles','Dishes object (noddles)',3,'',8,1,'2025-03-06 06:23:26.537924');
INSERT INTO django_admin_log VALUES(253,'indian','Dishes object (indian)',3,'',8,1,'2025-03-06 06:23:26.537940');
INSERT INTO django_admin_log VALUES(254,'efferNULL','Dishes object (efferNULL)',3,'',8,1,'2025-03-06 06:23:26.537953');
INSERT INTO django_admin_log VALUES(255,'Halwa','Dishes object (Halwa)',3,'',8,1,'2025-03-06 06:23:26.537965');
INSERT INTO django_admin_log VALUES(256,'Brandon York','Dishes object (Brandon York)',3,'',8,1,'2025-03-06 06:23:26.537977');
INSERT INTO django_admin_log VALUES(257,'Bethany Bates','Dishes object (Bethany Bates)',3,'',8,1,'2025-03-06 06:23:26.537989');
INSERT INTO django_admin_log VALUES(258,'Anthony Bonilla','Dishes object (Anthony Bonilla)',3,'',8,1,'2025-03-06 06:23:26.538000');
INSERT INTO django_admin_log VALUES(259,'Andre Thomas','Dishes object (Andre Thomas)',3,'',8,1,'2025-03-06 06:23:26.538012');
INSERT INTO django_admin_log VALUES(260,'Alyssa Jacobs','Dishes object (Alyssa Jacobs)',3,'',8,1,'2025-03-06 06:23:26.538023');
INSERT INTO django_admin_log VALUES(261,'Butter Chicken','Dishes object (Butter Chicken)',1,'[{"added": {}}]',8,1,'2025-03-06 06:34:16.223884');
INSERT INTO django_admin_log VALUES(262,'Alexa Howard','Dishes object (Alexa Howard)',3,'',8,1,'2025-03-06 06:34:39.586527');
INSERT INTO django_admin_log VALUES(263,'Palak Paneer','Dishes object (Palak Paneer)',1,'[{"added": {}}]',8,1,'2025-03-06 06:37:02.819759');
INSERT INTO django_admin_log VALUES(264,'Biryani (Chicken)','Dishes object (Biryani (Chicken))',1,'[{"added": {}}]',8,1,'2025-03-06 06:38:43.163649');
INSERT INTO django_admin_log VALUES(265,'Samosa (2 pieces)','Dishes object (Samosa (2 pieces))',1,'[{"added": {}}]',8,1,'2025-03-06 06:40:09.976506');
INSERT INTO django_admin_log VALUES(266,'Dal Makhani','Dishes object (Dal Makhani)',1,'[{"added": {}}]',8,1,'2025-03-06 06:41:09.773981');
INSERT INTO django_admin_log VALUES(267,'Tandoori Chicken (Full)','Dishes object (Tandoori Chicken (Full))',1,'[{"added": {}}]',8,1,'2025-03-06 06:42:28.605196');
INSERT INTO django_admin_log VALUES(268,'Tandoori Chicken (Full)','Dishes object (Tandoori Chicken (Full))',2,'[{"changed": {"fields": ["Dish image"]}}]',8,1,'2025-03-06 06:42:39.660878');
INSERT INTO django_admin_log VALUES(269,'Masala Dosa','Dishes object (Masala Dosa)',1,'[{"added": {}}]',8,1,'2025-03-06 06:43:30.828735');
INSERT INTO django_admin_log VALUES(270,'Gulab Jamun (2 pieces)','Dishes object (Gulab Jamun (2 pieces))',1,'[{"added": {}}]',8,1,'2025-03-06 06:44:33.652912');
INSERT INTO django_admin_log VALUES(271,'Chana Masala','Dishes object (Chana Masala)',1,'[{"added": {}}]',8,1,'2025-03-06 06:46:10.089367');
INSERT INTO django_admin_log VALUES(272,'Vada Pav','Dishes object (Vada Pav)',1,'[{"added": {}}]',8,1,'2025-03-06 06:46:57.220952');
INSERT INTO django_admin_log VALUES(273,'Biryani (Chicken)','Dishes object (Biryani (Chicken))',2,'[{"changed": {"fields": ["Price"]}}]',8,1,'2025-03-17 18:13:28.231712');
INSERT INTO django_admin_log VALUES(274,'Vada Pav','Dishes object (Vada Pav)',2,'[{"changed": {"fields": ["Price"]}}]',8,1,'2025-03-18 08:40:10.604971');
INSERT INTO django_admin_log VALUES(275,'9','qa',2,'[{"changed": {"fields": ["User permissions"]}}]',4,1,'2025-03-19 05:58:15.540335');
CREATE TABLE IF NOT EXISTS "django_content_type" ("id" integer NOT NULL PRIMARY KEY AUTOINCREMENT, "app_label" varchar(100) NOT NULL, "model" varchar(100) NOT NULL);
INSERT INTO django_content_type VALUES(1,'admin','logentry');
INSERT INTO django_content_type VALUES(2,'auth','permission');
INSERT INTO django_content_type VALUES(3,'auth','group');
INSERT INTO django_content_type VALUES(4,'auth','user');
INSERT INTO django_content_type VALUES(5,'contenttypes','contenttype');
INSERT INTO django_content_type VALUES(6,'sessions','session');
INSERT INTO django_content_type VALUES(7,'customer','customer');
INSERT INTO django_content_type VALUES(8,'owner','dishes');
INSERT INTO django_content_type VALUES(9,'owner','orders');
CREATE TABLE IF NOT EXISTS "auth_permission" ("id" integer NOT NULL PRIMARY KEY AUTOINCREMENT, "content_type_id" integer NOT NULL REFERENCES "django_content_type" ("id") DEFERRABLE INITIALLY DEFERRED, "codename" varchar(100) NOT NULL, "name" varchar(255) NOT NULL);
INSERT INTO auth_permission VALUES(1,1,'add_logentry','Can add log entry');
INSERT INTO auth_permission VALUES(2,1,'change_logentry','Can change log entry');
INSERT INTO auth_permission VALUES(3,1,'delete_logentry','Can delete log entry');
INSERT INTO auth_permission VALUES(4,1,'view_logentry','Can view log entry');
INSERT INTO auth_permission VALUES(5,2,'add_permission','Can add permission');
INSERT INTO auth_permission VALUES(6,2,'change_permission','Can change permission');
INSERT INTO auth_permission VALUES(7,2,'delete_permission','Can delete permission');
INSERT INTO auth_permission VALUES(8,2,'view_permission','Can view permission');
INSERT INTO auth_permission VALUES(9,3,'add_group','Can add group');
INSERT INTO auth_permission VALUES(10,3,'change_group','Can change group');
INSERT INTO auth_permission VALUES(11,3,'delete_group','Can delete group');
INSERT INTO auth_permission VALUES(12,3,'view_group','Can view group');
INSERT INTO auth_permission VALUES(13,4,'add_user','Can add user');
INSERT INTO auth_permission VALUES(14,4,'change_user','Can change user');
INSERT INTO auth_permission VALUES(15,4,'delete_user','Can delete user');
INSERT INTO auth_permission VALUES(16,4,'view_user','Can view user');
INSERT INTO auth_permission VALUES(17,5,'add_contenttype','Can add content type');
INSERT INTO auth_permission VALUES(18,5,'change_contenttype','Can change content type');
INSERT INTO auth_permission VALUES(19,5,'delete_contenttype','Can delete content type');
INSERT INTO auth_permission VALUES(20,5,'view_contenttype','Can view content type');
INSERT INTO auth_permission VALUES(21,6,'add_session','Can add session');
INSERT INTO auth_permission VALUES(22,6,'change_session','Can change session');
INSERT INTO auth_permission VALUES(23,6,'delete_session','Can delete session');
INSERT INTO auth_permission VALUES(24,6,'view_session','Can view session');
INSERT INTO auth_permission VALUES(25,7,'add_customer','Can add customer');
INSERT INTO auth_permission VALUES(26,7,'change_customer','Can change customer');
INSERT INTO auth_permission VALUES(27,7,'delete_customer','Can delete customer');
INSERT INTO auth_permission VALUES(28,7,'view_customer','Can view customer');
INSERT INTO auth_permission VALUES(29,8,'add_dishes','Can add dishes');
INSERT INTO auth_permission VALUES(30,8,'change_dishes','Can change dishes');
INSERT INTO auth_permission VALUES(31,8,'delete_dishes','Can delete dishes');
INSERT INTO auth_permission VALUES(32,8,'view_dishes','Can view dishes');
INSERT INTO auth_permission VALUES(33,9,'add_orders','Can add orders');
INSERT INTO auth_permission VALUES(34,9,'change_orders','Can change orders');
INSERT INTO auth_permission VALUES(35,9,'delete_orders','Can delete orders');
INSERT INTO auth_permission VALUES(36,9,'view_orders','Can view orders');
CREATE TABLE IF NOT EXISTS "auth_group" ("id" integer NOT NULL PRIMARY KEY AUTOINCREMENT, "name" varchar(150) NOT NULL UNIQUE);
CREATE TABLE IF NOT EXISTS "auth_user" ("id" integer NOT NULL PRIMARY KEY AUTOINCREMENT, "password" varchar(128) NOT NULL, "last_login" datetime NULL, "is_superuser" bool NOT NULL, "username" varchar(150) NOT NULL UNIQUE, "last_name" varchar(150) NOT NULL, "email" varchar(254) NOT NULL, "is_staff" bool NOT NULL, "is_active" bool NOT NULL, "date_joined" datetime NOT NULL, "first_name" varchar(150) NOT NULL);
INSERT INTO auth_user VALUES(1,'pbkdf2_sha256$870000$OcjVK3NHrZB8ckZnXUdpu0$qmY33ENjAEPmK0aEsn7sojJUpr7hNJpG4mFTnNtAU0M=','2025-03-21 05:08:27.499625',1,'rishabh','','rish@gmail.com',1,1,'2025-03-03 06:37:34.817528','');
INSERT INTO auth_user VALUES(2,'pbkdf2_sha256$870000$ROVBORfHB0aZ0V6M7HM7jA$ao4m41AzbWOEevCp0PU5ZsGLjkM1u16eYqdRaRpDILc=','2025-03-03 06:47:13.607653',0,'cwwewf','','rishabh@gmail.com',0,1,'2025-03-03 06:47:13.123134','');
INSERT INTO auth_user VALUES(3,'pbkdf2_sha256$870000$mjSN2qs7KchpfQiBxuGUil$pfhxhWBzZEShJa0WDHjx3UB+qgq0q8OIBY+q9aZCi6k=','2025-03-03 06:53:36.209863',0,'Rishabh','','rishabh@gmail.com',0,1,'2025-03-03 06:53:35.779020','');
INSERT INTO auth_user VALUES(4,'pbkdf2_sha256$870000$KXkSUR4pHhTdRTwzIAyuny$Mp14ADALnB2jj6IGoK04iFcVwRrlchoykk8KtcV0XQ4=','2025-03-03 07:18:31.514153',0,'asad','','dewed@gmail.com',0,1,'2025-03-03 07:18:30.733569','');
INSERT INTO auth_user VALUES(5,'pbkdf2_sha256$870000$QxkwwN72sW4lSXGNn5YZo3$IvevOyMZxniDRPBt4GFGMp1WiKz9JwZaiz3tPLLkF14=','2025-03-03 08:17:48.693923',0,'rishu','','rishabh@gmail.com',0,1,'2025-03-03 08:17:48.251807','');
INSERT INTO auth_user VALUES(6,'pbkdf2_sha256$870000$0ZKVytXGLZx11QwJLZvW7C$vwrYkIueQVt491K3I2gnrL+U/JcCrtTa9Ahe83E0GoY=','2025-03-03 09:55:02.023000',0,'ri','','rishab1h@gmail.com',0,1,'2025-03-03 09:55:01.661343','');
INSERT INTO auth_user VALUES(7,'pbkdf2_sha256$870000$yG53fb8MvsByDUyHpf506U$PWHcmFHAdHV2SMkAoV29gBlKl1IfnFUqFqYeJA1NfA4=','2025-03-03 10:15:26.287714',0,'qw','','qw@gmail.com',0,1,'2025-03-03 10:15:25.902810','');
INSERT INTO auth_user VALUES(8,'pbkdf2_sha256$870000$kj0aePwdohqj0pWttd7E5W$fH64tFDiIqAaftXwcMX0Jans0MvD6Q5xpoexoiQn2dk=','2025-03-03 10:34:04.245227',0,'as','','qw@gmail.com',0,1,'2025-03-03 10:34:03.769660','');
INSERT INTO auth_user VALUES(9,'pbkdf2_sha256$870000$VIzUhqL6FiJ8qY1RoWAmxL$dK7YMW2Pl/ZpTOLsPWLZc5jaHy2aB37MtfNpeswhsWo=','2025-03-20 12:14:39.249437',0,'qa','','qa@gmail.com',0,1,'2025-03-03 10:36:21','');
INSERT INTO auth_user VALUES(10,'pbkdf2_sha256$870000$pDR2XSg2yuxwiEtDlV7xkX$EaZr5qrwwZsMUvZSJVxnhzJro1rNfKKb/R4oFlB33PM=','2025-03-03 10:53:01.111510',0,'Deepanshu','','email@email.com',0,1,'2025-03-03 10:53:00.676240','');
INSERT INTO auth_user VALUES(11,'pbkdf2_sha256$870000$r5mO13ZozUKkkMhKA25tYx$oRC+9B2U3B1Nas9EL23uKgoWmAy1zyFgAagntukVHP8=','2025-03-04 07:15:58.417596',0,'Nihal','','nihal@gmail.com',0,1,'2025-03-04 07:15:57.976246','');
INSERT INTO auth_user VALUES(12,'pbkdf2_sha256$870000$L8bdEZtYN5coVT3nOCSLcY$fq2U8GRHu9bY4mGEMICiSf0wJ6yPUKdtDG/1EEZrzaU=','2025-03-04 09:45:58.249767',0,'dummyUser','','demo@ttn.com',0,1,'2025-03-04 09:45:57.765913','');
INSERT INTO auth_user VALUES(13,'pbkdf2_sha256$870000$4Fddbbs7OdJXZWEqeL05Ie$HO6A7PSeoO3jYuNJVO+cK8U8nZ6x5F1YZqgRdVH//p0=','2025-03-04 11:52:29.606763',0,'Rohit','','rohit@gmail.com',0,1,'2025-03-04 11:52:29.230297','');
INSERT INTO auth_user VALUES(14,'pbkdf2_sha256$870000$apCTrlgj2EIzpvSt0Etp6G$gOzqUitpMdfKtEtPxsV8OQEh+iO6oJpMNd7XSeS4cP0=','2025-03-06 06:12:05.205165',0,'qwertyuiop[','','qwertyui@qwert.qwer',0,1,'2025-03-06 06:12:04.751355','');
INSERT INTO auth_user VALUES(15,'pbkdf2_sha256$870000$bZBTWOraGzPfxJ80IUxwYa$q01Rfj5JDoDUSiIFHyH3G+kjgPi3o/8KJDQXihbXrJM=','2025-03-07 10:04:23.920441',0,'wddwqdwd','','qwdwertyui@qwert.qwer',0,1,'2025-03-07 10:04:23.496852','');
INSERT INTO auth_user VALUES(16,'pbkdf2_sha256$870000$dfnq6EjY8hUEiecFyMCFpk$x+PSXZTlIuwQi03CM5IUXm8xf8mJkglotOfR3cYAHlQ=','2025-03-07 10:06:16.317568',0,'efwfwf','','email@emailde.com',0,1,'2025-03-07 10:06:15.883221','');
INSERT INTO auth_user VALUES(17,'pbkdf2_sha256$870000$Dw5vrNruF3V7m4cmOSQfVT$xdpjJKnnkqCptda2SxP8urKQJ60SR/0ETDOHmmFCks0=','2025-03-07 10:20:44.762279',0,'dw','','rishabh@gmaiwdwqdl.com',0,1,'2025-03-07 10:20:44.295173','');
INSERT INTO auth_user VALUES(18,'pbkdf2_sha256$870000$dZC8JZmStCwukBcAxctvkc$IhhJGdE61hjytlOr1klRzvN2DowZ88m2aNqazD+5V4Q=','2025-03-07 10:21:06.630926',0,'vfefevvfv','','rishabh@gmaiwedwxl.com',0,1,'2025-03-07 10:21:06.198617','');
INSERT INTO auth_user VALUES(19,'pbkdf2_sha256$870000$EDQKSw7tBRDH8qNHFtwTC6$h6Y1eP9pBlliIXJQlow3DgJOfSVbY5q59nd9oXLcJpQ=','2025-03-07 10:23:02.218984',0,'dcswsdxwd','','rishabh@gmaizwql.com',0,1,'2025-03-07 10:23:01.863171','');
INSERT INTO auth_user VALUES(20,'pbkdf2_sha256$870000$4uGGsRyFRYH4BHLd6MmhTr$RsWuzMjv3tUR/GyqvrzcX4A/ZuxwCC4kbBo7gF0eu5E=','2025-03-07 16:49:26.122312',0,'dcscs','','rishabh@gmaildc.com',0,1,'2025-03-07 16:49:25.776461','');
INSERT INTO auth_user VALUES(21,'pbkdf2_sha256$870000$hJIzS6PUOhWodMroJX7ria$khcOwJEBYSd20yOVmYwnMt0GJIkTQTlJLavXljldL4I=','2025-03-07 17:00:15.200848',0,'dss','','rishabh@gmail.com',0,1,'2025-03-07 17:00:14.816305','');
INSERT INTO auth_user VALUES(22,'pbkdf2_sha256$870000$cepTRiTlrA6LJlMKeO4zDL$9rl5ldSQE/CJhj/9m+YTv16pUiE3cXYvodgn19Lu6Wo=','2025-03-07 17:30:37.432880',0,'wddwqdwdxaxs','','rishabh@gmaildscscs.com',0,1,'2025-03-07 17:30:37.061220','');
INSERT INTO auth_user VALUES(23,'pbkdf2_sha256$870000$rQLTpIxhCHU8nLQe3BDmir$ENpzTXQ1jqb0twM4HXNqmJd5lpXmQVx0FkeJETTR+rM=','2025-03-07 17:31:32.481995',0,'scascacs','','rishabh@gmailxddw.com',0,1,'2025-03-07 17:31:32.094012','');
INSERT INTO auth_user VALUES(24,'pbkdf2_sha256$870000$yHhzNuryWIhjq51Ovfv69l$lRKnPGOKHqkfVDlUG86XDLJ3ZrX6S0eBAT5j044XELM=','2025-03-09 17:16:40.331720',0,'tekken','','rishabh@gmaildc.com',0,1,'2025-03-09 17:16:39.986474','');
INSERT INTO auth_user VALUES(25,'pbkdf2_sha256$870000$UO7vgxKkZvozbYLinbU6Sp$i+iDRJdW0WCSqVoAzXITw5XizFN5C9d+5ZMVIEcN5H0=','2025-03-12 07:15:40.528592',0,'qaz','','rishabh@gmaiedl.com',0,1,'2025-03-11 16:03:02.104903','');
CREATE TABLE IF NOT EXISTS "customer_customer" ("id" integer NOT NULL PRIMARY KEY AUTOINCREMENT, "customer_name" varchar(50) NOT NULL, "customer_age" varchar(50) NOT NULL, "customer_food" varchar(50) NOT NULL, "customer_Phoneno" integer NOT NULL, "customer_time" datetime NOT NULL);
CREATE TABLE IF NOT EXISTS "django_session" ("session_key" varchar(40) NOT NULL PRIMARY KEY, "session_data" text NOT NULL, "expire_date" datetime NOT NULL);
INSERT INTO django_session VALUES('ioxoqs5hfc6hw9exjyphgxxgxv8xsliq','e30:1toza5:VdmZwNM8h_6FS9kF4o_ZfgT15RohWBpMN8oX8YZul5I','2025-03-17 06:47:13.553857');
INSERT INTO django_session VALUES('qcguvh3y7phxgpcegfa9w1ijq3zaimmi','e30:1tozgG:BiaDD_BuEQdudm7qVHTMOfvu-vT5_aFrl6xUuB7qWAE','2025-03-17 06:53:36.156336');
INSERT INTO django_session VALUES('8nuwx5itr9z5mcyzn6p7p1r9gxerobzc','e30:1tp33R:HOCd9NHwaLL4CzcAxjigev5Vy9qz4BL4OdbJRyP6EqM','2025-03-17 10:29:45.475401');
INSERT INTO django_session VALUES('eva25a9wumt7rqdichgrn1mf5yc09ox0','e30:1tp33a:rZrhO3x6bWx9kmXdbiF05BwWt1juj41IWKH6Otuv7h8','2025-03-17 10:29:54.782305');
INSERT INTO django_session VALUES('rqahtyf1pes6nsphegqmypxddc807ny2','e30:1tp33k:vtyc3GK9cYHoQH9LNqPcaBSdD_sA7aUxcZPA-0FNbnQ','2025-03-17 10:30:04.816688');
INSERT INTO django_session VALUES('24qejnwk52eyz3i9jtfu4n9fjgh4nvtw','e30:1tp350:lkg7qlf5O_tic3SZiZ6Y_YT2lGZ2rEqlYGnFJYKpieE','2025-03-17 10:31:22.859892');
INSERT INTO django_session VALUES('8ffp0mn4w6f6l18h3uu7g8ysw9edazwy','.eJxVjDEOAiEQRe9CbYgw7AiW9p6BzAwoqwaSZbcy3t2QbKHtf-_9t4q0rSVuPS9xTuqsgjr8bkzyzHWA9KB6b1paXZeZ9VD0Tru-tpRfl939OyjUy6hRDENCPiZDyTMYIevIB2e9RRCmm0N3miZmcChivGUEFgAIZCCozxf0MDe-:1tp3A3:T6MCS9WH_DMHoqiPUmf8WR0KKchFIXeKrktFA9M76N0','2025-03-17 10:36:35.406202');
INSERT INTO django_session VALUES('mtj5gorshaff3dw2sq7bgc3rejyycgqx','e30:1tp3B3:xvXvG9iR5v_L2ieEUu_tYDQJXbH9McIW4rQLbmkrZVc','2025-03-17 10:37:37.293100');
INSERT INTO django_session VALUES('lx0fvrfqoamwmllk0m7cyqymj0bbvreh','e30:1tp8ij:QlUm3zmejyY09LyA4a9nVz794ehHsxc3CZBHf_OYqeY','2025-03-17 16:32:45.893787');
INSERT INTO django_session VALUES('7nhmyzkyn4xt2ukcyt5siechuonmiynd','e30:1tpJTU:RawqV2uXZkiKjSnAwn1paK4uibZwAJd4jZY6w9wFUXU','2025-03-18 04:01:44.515478');
INSERT INTO django_session VALUES('d0qc3za80voz38660hgog6uv1z5l9f1j','e30:1tpJc5:4sLoaV3IwpTpbveT9JogZXsTMnAaUj4pNYFDvxsESRo','2025-03-18 04:10:37.394927');
INSERT INTO django_session VALUES('020k7u52cb59qr0nhckozje2dnlmqvyj','e30:1tpJdc:B4fLQHpgXg-FwCS6oPqRrNLkLObPGpTY4gG9aitrXis','2025-03-18 04:12:12.611749');
INSERT INTO django_session VALUES('v8ev3glvfx5iifn5f22ljmay63kh4a9j','e30:1tpJja:-pmagkPYcv-uQjfdVDsgGzfKazLj9d0cRfA2c2WLFk4','2025-03-18 04:18:22.925182');
INSERT INTO django_session VALUES('9q5vig7yzdi1fi89n8i5fjb2llv6i6wj','e30:1tpJo3:_t9nbTZQGZTJSrCoNQy-za7NUbvOE7MTHBdsJ4OdBSo','2025-03-18 04:22:59.042404');
INSERT INTO django_session VALUES('sslov0bsdowfj93czfkhmrxihb99o9ke','e30:1tpJo6:zFLl-ay1ok3W0ZhiTB9Qx1X6yugZ8aDjFVWB3uy5HP4','2025-03-18 04:23:02.078054');
INSERT INTO django_session VALUES('voqfwvtyxon82zxatkcgs2yylanmqvxl','e30:1tpJoO:bZdRyB3Rk2HBz1UUudFBNBJ4YLCxkDci7Iq2QqZwr0Y','2025-03-18 04:23:20.559023');
INSERT INTO django_session VALUES('qxz19leehaz1q9tq1rlpfsx0rf3lf1gi','.eJxVjDsOwjAQBe_iGlleYP2hpM8ZrPV6jQPIkeKkQtwdIqWA9s3Me6lI61Lj2mWOY1YXBerwuyXih7QN5Du126R5ass8Jr0peqddD1OW53V3_w4q9fqtBRg8hOTI-YKmBKJEGLhkNoC2QDq7I5zEmgQimC3mIl6cQ3BiOKj3B_j5OGk:1tphqG:54kQnn1eWg1Ai_zdv51jEEGdPi2LJh5wN7NAGH3kEjI','2025-03-19 06:02:52.438119');
INSERT INTO django_session VALUES('uds93mk05l18n18qr214sh2zpm2nkhz0','.eJxVjDEOAiEQRe9CbYgw7AiW9p6BzAwoqwaSZbcy3t2QbKHtf-_9t4q0rSVuPS9xTuqsgjr8bkzyzHWA9KB6b1paXZeZ9VD0Tru-tpRfl939OyjUy6hRDENCPiZDyTMYIevIB2e9RRCmm0N3miZmcChivGUEFgAIZCCozxf0MDe-:1tprjY:Yb9cMhtct3SbHUDJDQfGF3DHOxQ2Q9c6Jbq-UqoDR8I','2025-03-19 16:36:36.376585');
INSERT INTO django_session VALUES('1b1dwxpygaviu7jt5b3fjbyk4bt0ja8f','.eJxVjDEOAiEQRe9CbYgw7AiW9p6BzAwoqwaSZbcy3t2QbKHtf-_9t4q0rSVuPS9xTuqsgjr8bkzyzHWA9KB6b1paXZeZ9VD0Tru-tpRfl939OyjUy6hRDENCPiZDyTMYIevIB2e9RRCmm0N3miZmcChivGUEFgAIZCCozxf0MDe-:1tq5XX:iQT5nCazxNazaasnxpM2mOEckGGktyrD5Auic6aXqpc','2025-03-20 07:21:07.715436');
INSERT INTO django_session VALUES('6pnem5dedst1s6zjqgez86wbd70926qb','.eJxVjMEOwiAQRP-FsyFAhbIevfsNZGFZqRpISnsy_rtt0oPeJvPezFsEXJcS1p7nMJG4CHMWp98yYnrmuhN6YL03mVpd5inKXZEH7fLWKL-uh_t3ULCXbY3EKuvRDxbjFpVTpJNJ2QFZDyYyeEVsSFmNETxbz4PPDhmNAxhRfL4i1jim:1trKGW:duKT9m7pQwYLoyI5Vt-FjAAU8TMTehP73NlayLC6T1I','2025-03-23 17:16:40.377715');
INSERT INTO django_session VALUES('xzbrna7uvxpxpgbktm2tdyz2h2mqubm3','.eJxVjDsOwjAQBe_iGlleYP2hpM8ZrPV6jQPIkeKkQtwdIqWA9s3Me6lI61Lj2mWOY1YXBerwuyXih7QN5Du126R5ass8Jr0peqddD1OW53V3_w4q9fqtBRg8hOTI-YKmBKJEGLhkNoC2QDq7I5zEmgQimC3mIl6cQ3BiOKj3B_j5OGk:1trb4F:T5tRrW-av91uCzl0gv8uQb1pU84YDglCdvB9-zPfNlw','2025-03-24 11:13:07.726986');
INSERT INTO django_session VALUES('9jzi93d59j83g6f4icm3uqx9osmxtwl3','.eJxVjMEOgjAQRP9lz0C6ailw9O4XGEO27VYqpJBSDsb470JCTDjOvDfzgdlSImjuoJeUOOam86bnABlMNFCfTxSY4xq1j28K_i88MmhpSV27zBxbb6EBhEOnaRM3YF8UnmNhxpCi18WmFDudi9toebju7uGgo7lb14wGK6y1IlU5KVxNpEnWxlkjUJYO9UWd8Myl0MgsbSmt44qVkqhYmBq-P18-TTU:1trqSp:3wd5PNxoU2dn0qLpxSyolbzIrsGN4gAFX9tLfcRtQqI','2025-03-25 03:39:31.748190');
INSERT INTO django_session VALUES('4519liehfc1dzjzi2s5rknuwcaqb2c2q','.eJxVjEEOgjAQRe8ya2gsUypl6d4TGENmptUiBEgpK-PdDQkbtv-997-wesoE7QN4yzmkUmIvQ5iggIVGGsqFphASPAvoaMux29aQut5DCw5OG9Pe7cB_aHrPSuYpp57VrqiDruo--zDeDvd0EGmNe21FM3rLF6_JN4xaqDLUOFM1lUVhehlrrnXNjMaK6KZiiyyI6Eijg98f08hGKg:1trrL1:-2FZSltUKUnPvTjfX2ucC0q4n0z_dmAEqsq4W7TmNjM','2025-03-25 04:35:31.074696');
INSERT INTO django_session VALUES('39l8fnuo7vxsfu3vub7w70p9421uj64v','e30:1trvTf:ZKke8LHgSUEGi1OV3-Ay4EMPkj3kDfL0Z8lwRIzdGek','2025-03-25 09:00:43.392820');
INSERT INTO django_session VALUES('drloajl06ie1u0h8ifd1ebdt89phcc2r','e30:1trvUy:pVh3eOjj4POqC7NpErJe14v4aldW0WAJ4_my4zEcqEg','2025-03-25 09:02:04.163067');
INSERT INTO django_session VALUES('wb7qxparburxg7b0wn8ho1o4pwo8pf71','.eJxVjDEOAiEQRe9CbYgw7AiW9p6BzAwoqwaSZbcy3t2QbKHtf-_9t4q0rSVuPS9xTuqsgjr8bkzyzHWA9KB6b1paXZeZ9VD0Tru-tpRfl939OyjUy6hRDENCPiZDyTMYIevIB2e9RRCmm0N3miZmcChivGUEFgAIZCCozxf0MDe-:1trvjV:EF1q8XpZLIgeCRZk4REXn1HXNfW30MpatKnh1WwrRq8','2025-03-25 09:17:05.852683');
INSERT INTO django_session VALUES('f9vmt51sif2ji3zk6h2epu90qr7osg9g','.eJxVjDEOAiEQRe9CbYgw7AiW9p6BzAwoqwaSZbcy3t2QbKHtf-_9t4q0rSVuPS9xTuqsgjr8bkzyzHWA9KB6b1paXZeZ9VD0Tru-tpRfl939OyjUy6hRDENCPiZDyTMYIevIB2e9RRCmm0N3miZmcChivGUEFgAIZCCozxf0MDe-:1ts38Z:2-1YQVUE9MqQWOKD8OYj0tFOxaPoxQHrD5iX9OFHl1A','2025-03-25 17:11:27.900652');
INSERT INTO django_session VALUES('p3t2zcre2ccbxz1fsjralmcorl11z1ci','.eJxVjDEOAiEQRe9CbYgw7AiW9p6BzAwoqwaSZbcy3t2QbKHtf-_9t4q0rSVuPS9xTuqsgjr8bkzyzHWA9KB6b1paXZeZ9VD0Tru-tpRfl939OyjUy6hRDENCPiZDyTMYIevIB2e9RRCmm0N3miZmcChivGUEFgAIZCCozxf0MDe-:1ts3UI:aP9ZIvPAjchCf25UfDmq8SVWeiNaIOHcJTt7YmaJv-o','2025-03-25 17:33:54.968478');
INSERT INTO django_session VALUES('wqipluhx75njh6a9zbgqopqklegbbrnb','.eJxVjDsOwjAQBe_iGlleYP2hpM8ZrPV6jQPIkeKkQtwdIqWA9s3Me6lI61Lj2mWOY1YXBerwuyXih7QN5Du126R5ass8Jr0peqddD1OW53V3_w4q9fqtBRg8hOTI-YKmBKJEGLhkNoC2QDq7I5zEmgQimC3mIl6cQ3BiOKj3B_j5OGk:1tsIie:NrHuY84lV9HAGuAXpc5AtedeG9B303yJeEVIqv1X_rI','2025-03-26 09:49:44.063703');
INSERT INTO django_session VALUES('h6kgcrulm81j6y3u2sqnlolb39e7rok8','.eJxVjDEOAiEQRe9CbYgw7AiW9p6BzAwoqwaSZbcy3t2QbKHtf-_9t4q0rSVuPS9xTuqsgjr8bkzyzHWA9KB6b1paXZeZ9VD0Tru-tpRfl939OyjUy6hRDENCPiZDyTMYIevIB2e9RRCmm0N3miZmcChivGUEFgAIZCCozxf0MDe-:1ttrcE:jpKGn9tjcR_DLlDBrqb6ECyqn1v7yQIFBsrNKFXvTVk','2025-03-30 17:17:34.416031');
INSERT INTO django_session VALUES('nlpb0dk8wmce6pn39mgc5zrhxkgw2obm','.eJxVjDEOAiEQRe9CbYgw7AiW9p6BzAwoqwaSZbcy3t2QbKHtf-_9t4q0rSVuPS9xTuqsgjr8bkzyzHWA9KB6b1paXZeZ9VD0Tru-tpRfl939OyjUy6hRDENCPiZDyTMYIevIB2e9RRCmm0N3miZmcChivGUEFgAIZCCozxf0MDe-:1tuEDD:oGuKEkX9_JzB5KLVY5RP5keJMTVYur8mqh03ttjvVpU','2025-03-31 17:25:15.518933');
INSERT INTO django_session VALUES('yzqe3wzuxglp8ajziypmkk0d2ana59jt','.eJxVjDEOAiEQRe9CbYgw7AiW9p6BzAwoqwaSZbcy3t2QbKHtf-_9t4q0rSVuPS9xTuqsgjr8bkzyzHWA9KB6b1paXZeZ9VD0Tru-tpRfl939OyjUy6hRDENCPiZDyTMYIevIB2e9RRCmm0N3miZmcChivGUEFgAIZCCozxf0MDe-:1tuEoD:ZuwFmsarQAZjX7qtDxg1nvjVPy-yExe-WSdPo-E4vIE','2025-03-31 18:03:29.947253');
INSERT INTO django_session VALUES('lwpzekpavywjquefhbuvfluw8tb0fctj','e30:1tub1a:n8OvMBL-O0qVcCdhT4KAP11tj5IH1i-b8SR2MvVIT_g','2025-04-01 17:46:46.214529');
INSERT INTO django_session VALUES('5xvv3bk926e0crih6gt1qhg1nwvsl8wm','.eJxVjDEOAiEQRe9CbYgw7AiW9p6BzAwoqwaSZbcy3t2QbKHtf-_9t4q0rSVuPS9xTuqsgjr8bkzyzHWA9KB6b1paXZeZ9VD0Tru-tpRfl939OyjUy6hRDENCPiZDyTMYIevIB2e9RRCmm0N3miZmcChivGUEFgAIZCCozxf0MDe-:1tup45:OXgAX3nZOj94wcoOGFkxsEme8tKN1bXxOZfFh7rYjsY','2025-04-02 08:46:17.915254');
INSERT INTO django_session VALUES('m629sg93d7l5040mh0dar5cw1374kcgt','.eJxVjDsOwjAQBe_iGlleYP2hpM8ZrPV6jQPIkeKkQtwdIqWA9s3Me6lI61Lj2mWOY1YXBerwuyXih7QN5Du126R5ass8Jr0peqddD1OW53V3_w4q9fqtBRg8hOTI-YKmBKJEGLhkNoC2QDq7I5zEmgQimC3mIl6cQ3BiOKj3B_j5OGk:1tuwOU:D00uI7DhhsOcXRyRtfCF2TcwgOJ7AwKKLUOeXddrszc','2025-04-02 16:35:50.752665');
INSERT INTO django_session VALUES('ht7949fgmqdfsw35j0hjcwfmgrgqy1cj','.eJxVjDEOAiEQRe9CbYgw7AiW9p6BzAwoqwaSZbcy3t2QbKHtf-_9t4q0rSVuPS9xTuqsgjr8bkzyzHWA9KB6b1paXZeZ9VD0Tru-tpRfl939OyjUy6hRDENCPiZDyTMYIevIB2e9RRCmm0N3miZmcChivGUEFgAIZCCozxf0MDe-:1tvBPr:KefPx_Fc8l_uH0no1bP-vQcYf6rzsctST-_xb0x-cM4','2025-04-03 08:38:15.801783');
INSERT INTO django_session VALUES('gn7mxxflzxei0ndlwb8vf3b185qwpovp','.eJxVjDEOAiEQRe9CbYgw7AiW9p6BzAwoqwaSZbcy3t2QbKHtf-_9t4q0rSVuPS9xTuqsgjr8bkzyzHWA9KB6b1paXZeZ9VD0Tru-tpRfl939OyjUy6hRDENCPiZDyTMYIevIB2e9RRCmm0N3miZmcChivGUEFgAIZCCozxf0MDe-:1tvEDR:A__fQ2Co0PKb0iraG91QyczPxWSSeFfWUODZUSLcfHA','2025-04-03 11:37:37.779384');
INSERT INTO django_session VALUES('j4adumzi5r046r2qmaj9voi1lyfk18xd','.eJxVjDEOAiEQRe9CbYgw7AiW9p6BzAwoqwaSZbcy3t2QbKHtf-_9t4q0rSVuPS9xTuqsgjr8bkzyzHWA9KB6b1paXZeZ9VD0Tru-tpRfl939OyjUy6hRDENCPiZDyTMYIevIB2e9RRCmm0N3miZmcChivGUEFgAIZCCozxf0MDe-:1tvER7:8W7bx0I9rrtiD2c3x2ZTxEegx7DUJMJxofEFUPJAxHs','2025-04-03 11:51:45.541404');
INSERT INTO django_session VALUES('qvfh3zchjzv4gmnabszpmm4zz1rmmbzc','.eJxVjDEOAiEQRe9CbYgw7AiW9p6BzAwoqwaSZbcy3t2QbKHtf-_9t4q0rSVuPS9xTuqsgjr8bkzyzHWA9KB6b1paXZeZ9VD0Tru-tpRfl939OyjUy6hRDENCPiZDyTMYIevIB2e9RRCmm0N3miZmcChivGUEFgAIZCCozxf0MDe-:1tvEfd:7ljQOaUykd10tGiuA3kdb-kHnHuUFqhLTUlQFd_if3Y','2025-04-03 12:06:45.488958');
INSERT INTO django_session VALUES('f5dq1vx9g6iokvlvblj51l2fmmp4heak','.eJxVjDEOAiEQRe9CbYgw7AiW9p6BzAwoqwaSZbcy3t2QbKHtf-_9t4q0rSVuPS9xTuqsgjr8bkzyzHWA9KB6b1paXZeZ9VD0Tru-tpRfl939OyjUy6hRDENCPiZDyTMYIevIB2e9RRCmm0N3miZmcChivGUEFgAIZCCozxf0MDe-:1tvEky:MbWQ6rCiOFYaio6l_v17nUrP2QlJT5gpIwuUVbKm_xw','2025-04-03 12:12:16.901340');
INSERT INTO django_session VALUES('rh9042040bkq7t3dvqyn5c7f5i93xf2g','.eJxVjDsOwjAQBe_iGlleYP2hpM8ZrPV6jQPIkeKkQtwdIqWA9s3Me6lI61Lj2mWOY1YXBerwuyXih7QN5Du126R5ass8Jr0peqddD1OW53V3_w4q9fqtBRg8hOTI-YKmBKJEGLhkNoC2QDq7I5zEmgQimC3mIl6cQ3BiOKj3B_j5OGk:1tvUcN:7upbf_e_8KD_8fN7Z0xF3W0cjFXV0cRyT2xeMT1lH6o','2025-04-04 05:08:27.546049');
CREATE TABLE IF NOT EXISTS "owner_dishes" ("dish_name" varchar(50) NOT NULL PRIMARY KEY, "price" integer NOT NULL, "dish_category" varchar(50) NOT NULL, "dish_image" varchar(100) NOT NULL, "dish_sluger" varchar(50) NOT NULL, "dish_quantity" integer NOT NULL, "dish_veg" varchar(10) NOT NULL);
INSERT INTO owner_dishes VALUES('Butter Chicken',300,'Main Course','pepper-delight-butter-chicken-1-scaled.jpg','butter-chicken',0,'Non Veg');
INSERT INTO owner_dishes VALUES('Palak Paneer',200,'Main Course','palak-paneer-recipe-featured.webp','palak-paneer',3,'Veg');
INSERT INTO owner_dishes VALUES('Biryani (Chicken)',301,'Main Course','chicken_tikka_biryani_recipe_best_simple_easy.jpg','biryani-chicken',3,'Veg');
INSERT INTO owner_dishes VALUES('Samosa (2 pieces)',50,'Snack','SKU-1588_0-1739824101476.webp','samosa-2-pieces',1,'Veg');
INSERT INTO owner_dishes VALUES('Dal Makhani',250,'Main Course','images_oqpf4YF.jpeg','dal-makhani',1,'Veg');
INSERT INTO owner_dishes VALUES('Tandoori Chicken (Full)',500,'Starter/Main','Tandoori-Chicken-Recipe.jpg','tandoori-chicken-full',4,'Non Veg');
INSERT INTO owner_dishes VALUES('Masala Dosa',150,'Main Course','msala.jpeg','masala-dosa',6,'Veg');
INSERT INTO owner_dishes VALUES('Gulab Jamun (2 pieces)',80,'Dessert','gulab.webp','gulab-jamun-2-pieces',7,'Veg');
INSERT INTO owner_dishes VALUES('Chana Masala',200,'Main Course','easy-chana-masala-pan-800x1200.jpg','chana-masala',1,'Veg');
INSERT INTO owner_dishes VALUES('Vada Pav',31,'Snack','vada-pav-3.jpg','vada-pav',1,'Veg');
CREATE TABLE IF NOT EXISTS "owner_orders" ("id" integer NOT NULL PRIMARY KEY AUTOINCREMENT, "quantity" integer unsigned NOT NULL CHECK ("quantity" >= 0), "customerDish_id" varchar(50) NOT NULL REFERENCES "owner_dishes" ("dish_name") DEFERRABLE INITIALLY DEFERRED, "customerName_id" integer NOT NULL REFERENCES "auth_user" ("id") DEFERRABLE INITIALLY DEFERRED, "corderDate" datetime NOT NULL, "status" varchar(50) NOT NULL);
INSERT INTO owner_orders VALUES(150,2,'Chana Masala',9,'2025-03-11 17:26:59.219567','COMPLETED');
INSERT INTO owner_orders VALUES(151,4,'Palak Paneer',25,'2025-03-12 03:54:31.827193','ACCEPTED');
INSERT INTO owner_orders VALUES(152,1,'Biryani (Chicken)',25,'2025-03-12 03:54:34.413453','ACCEPTED');
INSERT INTO owner_orders VALUES(153,5,'Samosa (2 pieces)',25,'2025-03-12 04:30:02.164954','REJECTED');
INSERT INTO owner_orders VALUES(154,4,'Palak Paneer',9,'2025-03-12 05:40:04.732237','COMPLETED');
INSERT INTO owner_orders VALUES(155,1,'Biryani (Chicken)',9,'2025-03-12 05:41:33.282129','COMPLETED');
INSERT INTO owner_orders VALUES(156,5,'Samosa (2 pieces)',9,'2025-03-12 05:45:11.554234','COMPLETED');
INSERT INTO owner_orders VALUES(157,1,'Gulab Jamun (2 pieces)',9,'2025-03-12 05:51:09.560505','ACCEPTED');
INSERT INTO owner_orders VALUES(158,1,'Vada Pav',9,'2025-03-12 05:51:58.336677','COMPLETED');
INSERT INTO owner_orders VALUES(159,1,'Dal Makhani',9,'2025-03-12 05:54:50.186825','COMPLETED');
INSERT INTO owner_orders VALUES(160,1,'Chana Masala',9,'2025-03-12 05:57:38.160691','COMPLETED');
INSERT INTO owner_orders VALUES(161,4,'Palak Paneer',9,'2025-03-12 05:59:04.035230','COMPLETED');
INSERT INTO owner_orders VALUES(162,1,'Biryani (Chicken)',9,'2025-03-12 05:59:06.244253','COMPLETED');
INSERT INTO owner_orders VALUES(163,1,'Dal Makhani',9,'2025-03-12 05:59:15.113082','COMPLETED');
INSERT INTO owner_orders VALUES(164,1,'Vada Pav',9,'2025-03-12 05:59:21.603265','COMPLETED');
INSERT INTO owner_orders VALUES(165,5,'Samosa (2 pieces)',9,'2025-03-12 05:59:25.280296','COMPLETED');
INSERT INTO owner_orders VALUES(166,4,'Palak Paneer',9,'2025-03-12 06:27:05.508620','COMPLETED');
INSERT INTO owner_orders VALUES(167,5,'Samosa (2 pieces)',9,'2025-03-12 06:27:55.948912','COMPLETED');
INSERT INTO owner_orders VALUES(168,4,'Palak Paneer',9,'2025-03-12 06:31:57.064515','COMPLETED');
INSERT INTO owner_orders VALUES(169,1,'Biryani (Chicken)',9,'2025-03-12 06:34:44.792820','COMPLETED');
INSERT INTO owner_orders VALUES(170,4,'Palak Paneer',25,'2025-03-12 07:15:48.337317','PENDING');
INSERT INTO owner_orders VALUES(171,1,'Biryani (Chicken)',25,'2025-03-12 07:15:50.490979','ACCEPTED');
INSERT INTO owner_orders VALUES(172,1,'Tandoori Chicken (Full)',1,'2025-03-12 08:40:56.164323','');
INSERT INTO owner_orders VALUES(173,1,'Biryani (Chicken)',9,'2025-03-12 08:44:45.629805','COMPLETED');
INSERT INTO owner_orders VALUES(174,4,'Palak Paneer',9,'2025-03-12 08:45:52.715731','COMPLETED');
INSERT INTO owner_orders VALUES(175,4,'Palak Paneer',9,'2025-03-12 09:15:06.733223','COMPLETED');
INSERT INTO owner_orders VALUES(176,4,'Palak Paneer',9,'2025-03-12 09:20:27.062789','COMPLETED');
INSERT INTO owner_orders VALUES(177,1,'Masala Dosa',9,'2025-03-12 09:20:35.992613','ACCEPTED');
INSERT INTO owner_orders VALUES(178,4,'Palak Paneer',9,'2025-03-16 06:14:05.712298','COMPLETED');
INSERT INTO owner_orders VALUES(179,1,'Biryani (Chicken)',9,'2025-03-16 06:14:07.388093','COMPLETED');
INSERT INTO owner_orders VALUES(180,1,'Dal Makhani',9,'2025-03-18 17:35:32.963061','COMPLETED');
INSERT INTO owner_orders VALUES(181,1,'Biryani (Chicken)',9,'2025-03-18 17:41:46.249891','COMPLETED');
INSERT INTO owner_orders VALUES(182,5,'Samosa (2 pieces)',9,'2025-03-18 17:46:32.611440','COMPLETED');
INSERT INTO owner_orders VALUES(183,1,'Vada Pav',9,'2025-03-18 17:49:03.785947','COMPLETED');
INSERT INTO owner_orders VALUES(184,1,'Chana Masala',9,'2025-03-18 17:49:42.210662','COMPLETED');
INSERT INTO owner_orders VALUES(185,1,'Dal Makhani',9,'2025-03-19 05:58:34.288567','COMPLETED');
INSERT INTO owner_orders VALUES(186,4,'Palak Paneer',9,'2025-03-19 07:08:54.297704','COMPLETED');
INSERT INTO owner_orders VALUES(187,1,'Biryani (Chicken)',9,'2025-03-20 06:04:30.298989','COMPLETED');
INSERT INTO owner_orders VALUES(188,5,'Samosa (2 pieces)',9,'2025-03-20 06:04:31.225407','COMPLETED');
INSERT INTO owner_orders VALUES(189,1,'Dal Makhani',9,'2025-03-20 06:04:44.862835','COMPLETED');
INSERT INTO owner_orders VALUES(190,1,'Dal Makhani',9,'2025-03-20 06:04:49.465404','COMPLETED');
INSERT INTO owner_orders VALUES(191,1,'Dal Makhani',9,'2025-03-20 06:04:50.675369','COMPLETED');
INSERT INTO owner_orders VALUES(192,1,'Dal Makhani',9,'2025-03-20 06:04:52.246654','COMPLETED');
INSERT INTO owner_orders VALUES(193,1,'Dal Makhani',9,'2025-03-20 06:04:53.680186','COMPLETED');
INSERT INTO owner_orders VALUES(194,1,'Dal Makhani',9,'2025-03-20 06:09:29.707242','COMPLETED');
INSERT INTO owner_orders VALUES(195,1,'Dal Makhani',9,'2025-03-20 06:09:33.971879','COMPLETED');
INSERT INTO owner_orders VALUES(196,1,'Tandoori Chicken (Full)',9,'2025-03-20 06:09:56.931180','PENDING');
INSERT INTO owner_orders VALUES(197,4,'Palak Paneer',9,'2025-03-20 06:11:31.663132','COMPLETED');
INSERT INTO owner_orders VALUES(198,1,'Biryani (Chicken)',9,'2025-03-20 06:11:32.479852','COMPLETED');
INSERT INTO owner_orders VALUES(199,4,'Palak Paneer',9,'2025-03-20 06:17:24.314743','COMPLETED');
INSERT INTO owner_orders VALUES(200,1,'Biryani (Chicken)',9,'2025-03-20 06:17:25.460686','COMPLETED');
INSERT INTO owner_orders VALUES(201,1,'Biryani (Chicken)',9,'2025-03-20 06:22:12.318375','COMPLETED');
INSERT INTO owner_orders VALUES(202,4,'Palak Paneer',9,'2025-03-20 06:44:16.581226','COMPLETED');
INSERT INTO owner_orders VALUES(203,1,'Biryani (Chicken)',9,'2025-03-20 06:44:18.179923','COMPLETED');
INSERT INTO owner_orders VALUES(204,5,'Samosa (2 pieces)',9,'2025-03-20 06:44:53.575964','COMPLETED');
INSERT INTO owner_orders VALUES(205,1,'Dal Makhani',9,'2025-03-20 06:44:54.517794','COMPLETED');
INSERT INTO owner_orders VALUES(206,1,'Samosa (2 pieces)',9,'2025-03-20 08:30:31.137257','COMPLETED');
INSERT INTO owner_orders VALUES(207,1,'Dal Makhani',9,'2025-03-20 08:30:32.936363','COMPLETED');
INSERT INTO owner_orders VALUES(208,1,'Samosa (2 pieces)',9,'2025-03-20 08:38:22.569861','COMPLETED');
INSERT INTO owner_orders VALUES(209,1,'Dal Makhani',9,'2025-03-20 08:38:27.042456','COMPLETED');
INSERT INTO owner_orders VALUES(210,1,'Palak Paneer',9,'2025-03-20 09:05:22.660234','COMPLETED');
INSERT INTO owner_orders VALUES(211,1,'Palak Paneer',9,'2025-03-20 09:05:30.104116','COMPLETED');
INSERT INTO owner_orders VALUES(212,1,'Palak Paneer',9,'2025-03-20 09:08:37.441595','COMPLETED');
INSERT INTO owner_orders VALUES(213,1,'Butter Chicken',9,'2025-03-20 09:08:50.043650','PENDING');
INSERT INTO owner_orders VALUES(214,1,'Samosa (2 pieces)',9,'2025-03-20 09:16:53.214998','COMPLETED');
INSERT INTO owner_orders VALUES(215,1,'Butter Chicken',9,'2025-03-20 09:17:00.516013','PENDING');
INSERT INTO owner_orders VALUES(216,1,'Dal Makhani',9,'2025-03-20 09:17:11.469125','COMPLETED');
INSERT INTO owner_orders VALUES(217,1,'Biryani (Chicken)',9,'2025-03-20 09:18:03.264206','COMPLETED');
INSERT INTO owner_orders VALUES(218,1,'Biryani (Chicken)',9,'2025-03-20 09:18:07.780179','COMPLETED');
INSERT INTO owner_orders VALUES(219,1,'Palak Paneer',9,'2025-03-20 09:18:22.030777','COMPLETED');
INSERT INTO owner_orders VALUES(220,1,'Palak Paneer',9,'2025-03-20 09:20:22.039928','COMPLETED');
INSERT INTO owner_orders VALUES(221,1,'Palak Paneer',9,'2025-03-20 09:22:22.982166','COMPLETED');
INSERT INTO owner_orders VALUES(222,1,'Palak Paneer',1,'2025-03-20 11:37:25.890598','');
INSERT INTO owner_orders VALUES(223,1,'Biryani (Chicken)',1,'2025-03-20 11:37:26.918322','');
INSERT INTO owner_orders VALUES(224,1,'Palak Paneer',9,'2025-03-20 11:37:39.271603','COMPLETED');
INSERT INTO owner_orders VALUES(225,1,'Biryani (Chicken)',9,'2025-03-20 11:37:40.694729','COMPLETED');
INSERT INTO owner_orders VALUES(226,1,'Dal Makhani',9,'2025-03-20 11:47:22.245057','COMPLETED');
INSERT INTO owner_orders VALUES(227,1,'Samosa (2 pieces)',9,'2025-03-20 11:47:24.341905','COMPLETED');
INSERT INTO owner_orders VALUES(228,1,'Biryani (Chicken)',9,'2025-03-20 11:48:32.866579','COMPLETED');
INSERT INTO owner_orders VALUES(229,1,'Palak Paneer',9,'2025-03-20 11:49:33.402931','COMPLETED');
INSERT INTO owner_orders VALUES(230,1,'Biryani (Chicken)',9,'2025-03-20 11:49:35.113133','COMPLETED');
INSERT INTO owner_orders VALUES(231,1,'Samosa (2 pieces)',9,'2025-03-20 11:51:04.233200','COMPLETED');
INSERT INTO owner_orders VALUES(232,1,'Dal Makhani',9,'2025-03-20 11:51:05.103204','COMPLETED');
INSERT INTO owner_orders VALUES(233,1,'Palak Paneer',9,'2025-03-20 11:51:47.239898','COMPLETED');
INSERT INTO owner_orders VALUES(234,1,'Biryani (Chicken)',9,'2025-03-20 11:51:48.179680','COMPLETED');
INSERT INTO owner_orders VALUES(235,1,'Palak Paneer',9,'2025-03-20 11:55:03.981944','COMPLETED');
INSERT INTO owner_orders VALUES(236,1,'Biryani (Chicken)',9,'2025-03-20 11:55:04.702272','COMPLETED');
INSERT INTO owner_orders VALUES(237,1,'Palak Paneer',9,'2025-03-20 11:59:51.486828','COMPLETED');
INSERT INTO owner_orders VALUES(238,1,'Biryani (Chicken)',9,'2025-03-20 11:59:52.569555','COMPLETED');
INSERT INTO owner_orders VALUES(239,1,'Palak Paneer',9,'2025-03-20 12:01:07.099518','COMPLETED');
INSERT INTO owner_orders VALUES(240,1,'Palak Paneer',9,'2025-03-20 12:06:13.619298','COMPLETED');
INSERT INTO owner_orders VALUES(241,1,'Biryani (Chicken)',9,'2025-03-20 12:06:14.613613','COMPLETED');
INSERT INTO owner_orders VALUES(242,1,'Palak Paneer',9,'2025-03-20 12:09:08.293950','PENDING');
INSERT INTO owner_orders VALUES(243,1,'Palak Paneer',9,'2025-03-20 12:12:19.280913','PENDING');
INSERT INTO owner_orders VALUES(244,1,'Palak Paneer',9,'2025-03-20 12:14:42.355326','PENDING');
INSERT INTO owner_orders VALUES(245,1,'Palak Paneer',9,'2025-03-20 23:32:47.006762','');
CREATE TABLE IF NOT EXISTS "my_cache_table" (
    "cache_key" varchar(255) NOT NULL PRIMARY KEY,
    "value" text NOT NULL,
    "expires" datetime NOT NULL
);
DELETE FROM sqlite_sequence;
INSERT INTO sqlite_sequence VALUES('django_migrations',31);
INSERT INTO sqlite_sequence VALUES('django_admin_log',275);
INSERT INTO sqlite_sequence VALUES('django_content_type',9);
INSERT INTO sqlite_sequence VALUES('auth_permission',36);
INSERT INTO sqlite_sequence VALUES('auth_group',0);
INSERT INTO sqlite_sequence VALUES('auth_user',25);
INSERT INTO sqlite_sequence VALUES('owner_orders',245);
INSERT INTO sqlite_sequence VALUES('auth_user_user_permissions',1);
CREATE UNIQUE INDEX "auth_group_permissions_group_id_permission_id_0cd325b0_uniq" ON "auth_group_permissions" ("group_id", "permission_id");
CREATE INDEX "auth_group_permissions_group_id_b120cbf9" ON "auth_group_permissions" ("group_id");
CREATE INDEX "auth_group_permissions_permission_id_84c5c92e" ON "auth_group_permissions" ("permission_id");
CREATE UNIQUE INDEX "auth_user_groups_user_id_group_id_94350c0c_uniq" ON "auth_user_groups" ("user_id", "group_id");
CREATE INDEX "auth_user_groups_user_id_6a12ed8b" ON "auth_user_groups" ("user_id");
CREATE INDEX "auth_user_groups_group_id_97559544" ON "auth_user_groups" ("group_id");
CREATE UNIQUE INDEX "auth_user_user_permissions_user_id_permission_id_14a6b632_uniq" ON "auth_user_user_permissions" ("user_id", "permission_id");
CREATE INDEX "auth_user_user_permissions_user_id_a95ead1b" ON "auth_user_user_permissions" ("user_id");
CREATE INDEX "auth_user_user_permissions_permission_id_1fbb5f2c" ON "auth_user_user_permissions" ("permission_id");
CREATE INDEX "django_admin_log_content_type_id_c4bce8eb" ON "django_admin_log" ("content_type_id");
CREATE INDEX "django_admin_log_user_id_c564eba6" ON "django_admin_log" ("user_id");
CREATE UNIQUE INDEX "django_content_type_app_label_model_76bd3d3b_uniq" ON "django_content_type" ("app_label", "model");
CREATE UNIQUE INDEX "auth_permission_content_type_id_codename_01ab375a_uniq" ON "auth_permission" ("content_type_id", "codename");
CREATE INDEX "auth_permission_content_type_id_2f476e4b" ON "auth_permission" ("content_type_id");
CREATE INDEX "django_session_expire_date_a5c62663" ON "django_session" ("expire_date");
CREATE INDEX "owner_dishes_dish_sluger_a33a5e44" ON "owner_dishes" ("dish_sluger");
CREATE INDEX "owner_orders_customerDish_id_c5f2c4d3" ON "owner_orders" ("customerDish_id");
CREATE INDEX "owner_orders_customerName_id_20b40f9c" ON "owner_orders" ("customerName_id");
CREATE INDEX "my_cache_table_expires" ON "my_cache_table" ("expires");
COMMIT;
